,Range,Mean_Pitch,Major_or_Minor,Chromatic_Motion,Direction_of_Melodic_Motion,Melodic_Pitch_Variety,Note_Density,Average_Note_Duration,Rhythmic_Variability
"/mnt/c/Users/brkit/Desktop/TCC/midi-mate/Backend/./uploads/midi/single - 1000.mid",38.0, 47.0, 0.0, 0.01176, 0.6039, 3.015, 8.0, 0.1218, 0.02421
"/mnt/c/Users/brkit/Desktop/TCC/midi-mate/Backend/./uploads/midi/single - 1001.mid",38.0, 51.0, 0.0, 0.0, 0.0, 5.783, 1.125, 1.778, 0.04522
"/mnt/c/Users/brkit/Desktop/TCC/midi-mate/Backend/./uploads/midi/single - 1004.mid",46.0, 51.0, 0.0, 0.0, 0.5039, 3.908, 8.003, 0.1198, 0.02422
"/mnt/c/Users/brkit/Desktop/TCC/midi-mate/Backend/./uploads/midi/single - 1010.mid",39.0, 47.0, 0.0, 0.0, 0.3333, 4.133, 8.005, 0.1198, 0.02424
"/mnt/c/Users/brkit/Desktop/TCC/midi-mate/Backend/./uploads/midi/single - 1012.mid",12.0, 44.0, 0.0, 0.3571, 0.3846, 4.304, 3.809, 0.2188, 0.02452
"/mnt/c/Users/brkit/Desktop/TCC/midi-mate/Backend/./uploads/midi/single - 1014.mid",8.0, 50.0, 0.0, 0.1852, 0.5385, 2.905, 3.675, 0.1998, 0.02605
"/mnt/c/Users/brkit/Desktop/TCC/midi-mate/Backend/./uploads/midi/single - 1015.mid",13.0, 48.0, 0.0, 0.2188, 0.4348, 6.28, 4.403, 0.1478, 0.01996
"/mnt/c/Users/brkit/Desktop/TCC/midi-mate/Backend/./uploads/midi/single - 1016.mid",10.0, 49.0, 0.0, 0.32, 0.2667, 3.524, 3.415, 0.1965, 0.0261
"/mnt/c/Users/brkit/Desktop/TCC/midi-mate/Backend/./uploads/midi/single - 1018.mid",10.0, 45.0, 0.0, 0.1429, 0.6, 3.812, 2.888, 0.2273, 0.02758
"/mnt/c/Users/brkit/Desktop/TCC/midi-mate/Backend/./uploads/midi/single - 102.mid",7.0, 65.0, 0.0, 0.1731, 0.5, 2.872, 3.533, 0.1168, 0.02435
"/mnt/c/Users/brkit/Desktop/TCC/midi-mate/Backend/./uploads/midi/single - 1020.mid",8.0, 52.0, 0.0, 0.1111, 0.75, 3.87, 3.689, 0.1821, 0.02305
"/mnt/c/Users/brkit/Desktop/TCC/midi-mate/Backend/./uploads/midi/single - 1022.mid",8.0, 50.0, 0.0, 0.1818, 0.5294, 2.724, 4.536, 0.1911, 0.02844
"/mnt/c/Users/brkit/Desktop/TCC/midi-mate/Backend/./uploads/midi/single - 1026.mid",13.0, 47.0, 0.0, 0.36, 0.4118, 2.667, 3.415, 0.224, 0.02598
"/mnt/c/Users/brkit/Desktop/TCC/midi-mate/Backend/./uploads/midi/single - 1027.mid",8.0, 64.0, 0.0, 0.2143, 0.4375, 3.583, 3.809, 0.2208, 0.02617
"/mnt/c/Users/brkit/Desktop/TCC/midi-mate/Backend/./uploads/midi/single - 103.mid",12.0, 55.0, 0.0, 0.0, 0.5263, 4.639, 5.175, 0.1302, 0.02325
"/mnt/c/Users/brkit/Desktop/TCC/midi-mate/Backend/./uploads/midi/single - 1030.mid",12.0, 48.0, 0.0, 0.1538, 0.6364, 4.571, 3.68, 0.2331, 0.03489
"/mnt/c/Users/brkit/Desktop/TCC/midi-mate/Backend/./uploads/midi/single - 1033.mid",8.0, 50.0, 0.0, 0.25, 0.1667, 4.188, 2.758, 0.2275, 0.03109
"/mnt/c/Users/brkit/Desktop/TCC/midi-mate/Backend/./uploads/midi/single - 1034.mid",10.0, 50.0, 0.0, 0.4583, 0.3889, 4.632, 3.283, 0.2046, 0.02468
"/mnt/c/Users/brkit/Desktop/TCC/midi-mate/Backend/./uploads/midi/single - 1035.mid",10.0, 47.0, 0.0, 0.2143, 0.3333, 3.667, 3.953, 0.2034, 0.02568
"/mnt/c/Users/brkit/Desktop/TCC/midi-mate/Backend/./uploads/midi/single - 1036.mid",10.0, 51.0, 0.0, 0.2609, 0.5385, 3.944, 3.152, 0.2232, 0.02528
"/mnt/c/Users/brkit/Desktop/TCC/midi-mate/Backend/./uploads/midi/single - 1038.mid",17.0, 59.0, 0.0, 0.0, 0.5333, 3.091, 2.133, 0.4688, 0.04529
"/mnt/c/Users/brkit/Desktop/TCC/midi-mate/Backend/./uploads/midi/single - 104.mid",6.0, 69.0, 0.0, 0.0339, 0.5208, 3.036, 4.035, 0.1042, 0.02343
"/mnt/c/Users/brkit/Desktop/TCC/midi-mate/Backend/./uploads/midi/single - 1041.mid",12.0, 62.0, 0.0, 0.0, 0.4545, 3.115, 4.687, 0.1382, 0.03076
"/mnt/c/Users/brkit/Desktop/TCC/midi-mate/Backend/./uploads/midi/single - 1042.mid",12.0, 74.0, 0.0, 0.0, 0.4545, 3.115, 4.687, 0.1382, 0.03076
"/mnt/c/Users/brkit/Desktop/TCC/midi-mate/Backend/./uploads/midi/single - 105.mid",40.0, 50.0, 0.0, 0.02941, 0.2647, 7.969, 3.0, 0.6667, 0.03567
"/mnt/c/Users/brkit/Desktop/TCC/midi-mate/Backend/./uploads/midi/single - 106.mid",43.0, 51.0, 0.0, 0.0, 0.3333, 3.833, 4.002, 0.2344, 0.0348
"/mnt/c/Users/brkit/Desktop/TCC/midi-mate/Backend/./uploads/midi/single - 107.mid",43.0, 50.0, 0.0, 0.0, 0.6561, 3.949, 8.095, 0.1198, 0.02421
"/mnt/c/Users/brkit/Desktop/TCC/midi-mate/Backend/./uploads/midi/single - 110.mid",41.0, 53.0, 0.0, 0.0, 0.3333, 3.956, 8.005, 0.1198, 0.02424
"/mnt/c/Users/brkit/Desktop/TCC/midi-mate/Backend/./uploads/midi/single - 112.mid",41.0, 49.0, 0.0, 0.0, 0.3333, 3.991, 8.001, 0.1198, 0.02421
"/mnt/c/Users/brkit/Desktop/TCC/midi-mate/Backend/./uploads/midi/single - 114.mid",29.0, 56.0, 0.0, 0.0, 0.3333, 3.995, 8.0, 0.125, 0.02421
"/mnt/c/Users/brkit/Desktop/TCC/midi-mate/Backend/./uploads/midi/single - 115.mid",8.0, 34.0, 0.0, 0.0, 0.5, 4.0, 0.3125, 3.2, 0.0
"/mnt/c/Users/brkit/Desktop/TCC/midi-mate/Backend/./uploads/midi/single - 116.mid",26.0, 55.0, 0.0, 0.0, 0.381, 3.75, 8.005, 0.1198, 0.02424
"/mnt/c/Users/brkit/Desktop/TCC/midi-mate/Backend/./uploads/midi/single - 1173.mid",17.0, 61.0, 0.0, 0.0, 0.4, 3.0, 0.7505, 1.807, 0.03903
"/mnt/c/Users/brkit/Desktop/TCC/midi-mate/Backend/./uploads/midi/single - 1174.mid",46.0, 53.0, 0.0, 0.0, 0.3333, 3.963, 8.001, 0.1198, 0.02421
"/mnt/c/Users/brkit/Desktop/TCC/midi-mate/Backend/./uploads/midi/single - 118.mid",26.0, 62.0, 0.0, 0.0, 0.3451, 3.004, 8.001, 0.1233, 0.01872
"/mnt/c/Users/brkit/Desktop/TCC/midi-mate/Backend/./uploads/midi/single - 119.mid",7.0, 38.0, 0.0, 0.0, 0.6667, 3.833, 0.3125, 3.2, 0.07881
"/mnt/c/Users/brkit/Desktop/TCC/midi-mate/Backend/./uploads/midi/single - 120.mid",27.0, 51.0, 0.0, 0.0, 0.3333, 4.18, 8.005, 0.1198, 0.02424
"/mnt/c/Users/brkit/Desktop/TCC/midi-mate/Backend/./uploads/midi/single - 121.mid",27.0, 52.0, 0.0, 0.0, 0.0, 1.455, 3.0, 1.333, 0.04329
"/mnt/c/Users/brkit/Desktop/TCC/midi-mate/Backend/./uploads/midi/single - 124.mid",15.0, 79.0, 0.0, 0.005464, 0.3497, 4.047, 14.38, 0.06957, 0.01491
"/mnt/c/Users/brkit/Desktop/TCC/midi-mate/Backend/./uploads/midi/single - 125.mid",2.0, 53.0, 0.0, 0.3191, 0.6522, 2.867, 3.118, 0.1552, 0.02845
"/mnt/c/Users/brkit/Desktop/TCC/midi-mate/Backend/./uploads/midi/single - 126.mid",10.0, 56.0, 0.0, 0.0, 0.3333, 2.911, 3.121, 0.2812, 0.02603
"/mnt/c/Users/brkit/Desktop/TCC/midi-mate/Backend/./uploads/midi/single - 127.mid",0.0, 54.0, 0.0, 0.0, 0.0, 1.0, 2.067, 0.2193, 0.04114
"/mnt/c/Users/brkit/Desktop/TCC/midi-mate/Backend/./uploads/midi/single - 128.mid",5.0, 49.0, 0.0, 0.0, 0.5333, 1.955, 3.183, 0.266, 0.03455
"/mnt/c/Users/brkit/Desktop/TCC/midi-mate/Backend/./uploads/midi/single - 129.mid",1.0, 57.0, 0.0, 0.3077, 0.5, 1.75, 1.835, 0.346, 0.02737
"/mnt/c/Users/brkit/Desktop/TCC/midi-mate/Backend/./uploads/midi/single - 130.mid",8.0, 67.0, 0.0, 0.0, 0.3636, 3.0, 1.601, 0.5268, 0.0403
"/mnt/c/Users/brkit/Desktop/TCC/midi-mate/Backend/./uploads/midi/single - 131.mid",8.0, 45.0, 0.0, 0.0, 0.5714, 1.833, 2.674, 0.2755, 0.02528
"/mnt/c/Users/brkit/Desktop/TCC/midi-mate/Backend/./uploads/midi/single - 132.mid",9.0, 56.0, 0.0, 0.0, 0.6364, 2.846, 2.087, 0.4375, 0.03096
"/mnt/c/Users/brkit/Desktop/TCC/midi-mate/Backend/./uploads/midi/single - 133.mid",3.0, 56.0, 0.0, 0.0, 0.5217, 2.0, 3.151, 0.3243, 0.03308
"/mnt/c/Users/brkit/Desktop/TCC/midi-mate/Backend/./uploads/midi/single - 134.mid",10.0, 56.0, 0.0, 0.0, 0.3333, 2.911, 3.121, 0.2812, 0.02603
"/mnt/c/Users/brkit/Desktop/TCC/midi-mate/Backend/./uploads/midi/single - 135.mid",0.0, 54.0, 0.0, 0.0, 0.0, 1.0, 2.067, 0.2193, 0.04114
"/mnt/c/Users/brkit/Desktop/TCC/midi-mate/Backend/./uploads/midi/single - 136.mid",1.0, 45.0, 0.0, 0.4839, 0.5333, 1.933, 2.083, 0.238, 0.0239
"/mnt/c/Users/brkit/Desktop/TCC/midi-mate/Backend/./uploads/midi/single - 137.mid",7.0, 65.0, 0.0, 0.3043, 0.3478, 3.0, 1.578, 0.4694, 0.04835
"/mnt/c/Users/brkit/Desktop/TCC/midi-mate/Backend/./uploads/midi/single - 138.mid",40.0, 48.0, 0.0, 0.0, 0.4094, 2.936, 8.0, 0.12, 0.02422
"/mnt/c/Users/brkit/Desktop/TCC/midi-mate/Backend/./uploads/midi/single - 14.mid",10.0, 65.0, 0.0, 0.2, 0.4516, 3.703, 3.115, 0.1172, 0.02549
"/mnt/c/Users/brkit/Desktop/TCC/midi-mate/Backend/./uploads/midi/single - 140.mid",0.0, 50.0, 0.0, 0.0, 0.0, 1.0, 2.261, 0.09615, 0.04891
"/mnt/c/Users/brkit/Desktop/TCC/midi-mate/Backend/./uploads/midi/single - 141.mid",7.0, 43.0, 0.0, 0.0, 0.4286, 2.833, 2.945, 0.2903, 0.03503
"/mnt/c/Users/brkit/Desktop/TCC/midi-mate/Backend/./uploads/midi/single - 142.mid",4.0, 42.0, 0.0, 0.0, 0.5, 3.0, 1.6, 0.5273, 0.04553
"/mnt/c/Users/brkit/Desktop/TCC/midi-mate/Backend/./uploads/midi/single - 143.mid",13.0, 44.0, 0.0, 0.08333, 0.5833, 4.333, 0.8647, 1.17, 0.03937
"/mnt/c/Users/brkit/Desktop/TCC/midi-mate/Backend/./uploads/midi/single - 144.mid",7.0, 58.0, 0.0, 0.0, 0.5, 2.0, 0.625, 1.6, 0.07881
"/mnt/c/Users/brkit/Desktop/TCC/midi-mate/Backend/./uploads/midi/single - 145.mid",15.0, 56.0, 0.0, 0.0, 0.4615, 2.0, 2.999, 0.2344, 0.02736
"/mnt/c/Users/brkit/Desktop/TCC/midi-mate/Backend/./uploads/midi/single - 146.mid",15.0, 56.0, 0.0, 0.0, 0.4615, 2.0, 2.999, 0.2344, 0.02736
"/mnt/c/Users/brkit/Desktop/TCC/midi-mate/Backend/./uploads/midi/single - 147.mid",4.0, 43.0, 0.0, 0.0, 0.4286, 1.423, 2.375, 0.25, 0.03256
"/mnt/c/Users/brkit/Desktop/TCC/midi-mate/Backend/./uploads/midi/single - 148.mid",15.0, 58.0, 0.0, 0.0303, 0.4783, 3.962, 4.387, 0.1912, 0.02748
"/mnt/c/Users/brkit/Desktop/TCC/midi-mate/Backend/./uploads/midi/single - 149.mid",22.0, 59.0, 0.0, 0.0339, 0.9091, 1.286, 7.505, 0.1031, 0.02425
"/mnt/c/Users/brkit/Desktop/TCC/midi-mate/Backend/./uploads/midi/single - 15.mid",10.0, 65.0, 0.0, 0.0, 0.4571, 3.75, 3.36, 0.1154, 0.02291
"/mnt/c/Users/brkit/Desktop/TCC/midi-mate/Backend/./uploads/midi/single - 150.mid",15.0, 58.0, 0.0, 0.05882, 0.09091, 3.037, 4.375, 0.1412, 0.02524
"/mnt/c/Users/brkit/Desktop/TCC/midi-mate/Backend/./uploads/midi/single - 151.mid",7.0, 65.0, 0.0, 0.02564, 0.5556, 1.125, 2.5, 0.125, 0.02759
"/mnt/c/Users/brkit/Desktop/TCC/midi-mate/Backend/./uploads/midi/single - 152.mid",15.0, 58.0, 0.0, 0.05882, 0.09091, 3.037, 4.375, 0.1412, 0.02524
"/mnt/c/Users/brkit/Desktop/TCC/midi-mate/Backend/./uploads/midi/single - 16.mid",5.0, 52.0, 0.0, 0.02083, 0.2857, 1.071, 3.285, 0.1085, 0.01691
"/mnt/c/Users/brkit/Desktop/TCC/midi-mate/Backend/./uploads/midi/single - 161.mid",36.0, 45.0, 0.0, 0.0, 0.4078, 2.927, 8.0, 0.12, 0.02421
"/mnt/c/Users/brkit/Desktop/TCC/midi-mate/Backend/./uploads/midi/single - 163.mid",8.0, 32.0, 0.0, 0.1667, 0.6667, 2.0, 0.2625, 1.035, 0.05625
"/mnt/c/Users/brkit/Desktop/TCC/midi-mate/Backend/./uploads/midi/single - 165.mid",7.0, 40.0, 0.0, 0.08511, 0.7333, 2.976, 1.26, 0.3135, 0.02561
"/mnt/c/Users/brkit/Desktop/TCC/midi-mate/Backend/./uploads/midi/single - 166.mid",7.0, 40.0, 0.0, 0.2857, 0.7143, 4.0, 0.21, 0.9484, 0.05604
"/mnt/c/Users/brkit/Desktop/TCC/midi-mate/Backend/./uploads/midi/single - 17.mid",5.0, 64.0, 0.0, 0.1702, 0.5769, 3.659, 3.226, 0.1172, 0.02002
"/mnt/c/Users/brkit/Desktop/TCC/midi-mate/Backend/./uploads/midi/single - 170.mid",5.0, 59.0, 0.0, 0.0, 0.5, 1.0, 0.375, 0.2034, 0.02986
"/mnt/c/Users/brkit/Desktop/TCC/midi-mate/Backend/./uploads/midi/single - 173.mid",5.0, 59.0, 0.0, 0.0, 0.5, 1.0, 0.375, 0.2034, 0.02984
"/mnt/c/Users/brkit/Desktop/TCC/midi-mate/Backend/./uploads/midi/single - 18.mid",16.0, 59.0, 0.0, 0.07143, 0.5714, 4.913, 3.801, 0.1509, 0.02442
"/mnt/c/Users/brkit/Desktop/TCC/midi-mate/Backend/./uploads/midi/single - 180.mid",24.0, 47.0, 0.0, 0.0, 1.0, 1.0, 0.3375, 0.2116, 0.02998
"/mnt/c/Users/brkit/Desktop/TCC/midi-mate/Backend/./uploads/midi/single - 182.mid",2.0, 67.0, 0.0, 0.0, 0.3333, 1.538, 0.2188, 0.1505, 0.02766
"/mnt/c/Users/brkit/Desktop/TCC/midi-mate/Backend/./uploads/midi/single - 183.mid",48.0, 48.0, 0.0, 0.0, 0.3451, 4.791, 8.5, 0.1196, 0.01993
"/mnt/c/Users/brkit/Desktop/TCC/midi-mate/Backend/./uploads/midi/single - 186.mid",39.0, 62.0, 0.0, 0.0, 0.3307, 3.885, 8.003, 0.1198, 0.02422
"/mnt/c/Users/brkit/Desktop/TCC/midi-mate/Backend/./uploads/midi/single - 188.mid",31.0, 48.0, 0.0, 0.0, 0.3333, 4.026, 8.005, 0.1198, 0.02424
"/mnt/c/Users/brkit/Desktop/TCC/midi-mate/Backend/./uploads/midi/single - 19.mid",5.0, 53.0, 0.0, 0.7468, 0.5, 2.36, 5.379, 0.1457, 0.02327
"/mnt/c/Users/brkit/Desktop/TCC/midi-mate/Backend/./uploads/midi/single - 190.mid",33.0, 47.0, 0.0, 0.0, 0.3291, 3.952, 8.004, 0.1198, 0.02423
"/mnt/c/Users/brkit/Desktop/TCC/midi-mate/Backend/./uploads/midi/single - 20.mid",7.0, 58.0, 0.0, 0.2439, 0.56, 4.371, 2.811, 0.1463, 0.02471
"/mnt/c/Users/brkit/Desktop/TCC/midi-mate/Backend/./uploads/midi/single - 21.mid",10.0, 68.0, 0.0, 0.102, 0.3636, 4.024, 3.336, 0.2187, 0.02498
"/mnt/c/Users/brkit/Desktop/TCC/midi-mate/Backend/./uploads/midi/single - 22.mid",10.0, 52.0, 0.0, 0.0, 0.5217, 2.155, 4.278, 0.1343, 0.02892
"/mnt/c/Users/brkit/Desktop/TCC/midi-mate/Backend/./uploads/midi/single - 23.mid",46.0, 50.0, 0.0, 0.0, 0.3636, 3.182, 3.8, 0.2508, 0.0259
"/mnt/c/Users/brkit/Desktop/TCC/midi-mate/Backend/./uploads/midi/single - 24.mid",20.0, 56.0, 0.0, 0.5102, 0.6087, 3.976, 3.36, 0.1325, 0.03007
"/mnt/c/Users/brkit/Desktop/TCC/midi-mate/Backend/./uploads/midi/single - 25.mid",9.0, 54.0, 0.0, 0.07407, 0.7143, 2.362, 3.667, 0.1408, 0.02393
"/mnt/c/Users/brkit/Desktop/TCC/midi-mate/Backend/./uploads/midi/single - 26.mid",10.0, 61.0, 0.0, 0.1017, 0.5417, 3.8, 4.031, 0.1465, 0.02415
"/mnt/c/Users/brkit/Desktop/TCC/midi-mate/Backend/./uploads/midi/single - 27.mid",3.0, 56.0, 0.0, 0.01887, 0.5556, 2.04, 3.604, 0.1516, 0.02317
"/mnt/c/Users/brkit/Desktop/TCC/midi-mate/Backend/./uploads/midi/single - 28.mid",10.0, 60.0, 0.0, 0.04082, 0.5161, 3.778, 3.341, 0.1583, 0.02497
"/mnt/c/Users/brkit/Desktop/TCC/midi-mate/Backend/./uploads/midi/single - 29.mid",1.0, 50.0, 0.0, 0.2439, 0.5, 1.825, 2.822, 0.1562, 0.02643
"/mnt/c/Users/brkit/Desktop/TCC/midi-mate/Backend/./uploads/midi/single - 294.mid",19.0, 65.0, 0.0, 0.1481, 0.6522, 4.0, 3.625, 0.1034, 0.01796
"/mnt/c/Users/brkit/Desktop/TCC/midi-mate/Backend/./uploads/midi/single - 295.mid",9.0, 68.0, 0.0, 0.3825, 0.4317, 4.834, 2.955, 0.1316, 0.02136
"/mnt/c/Users/brkit/Desktop/TCC/midi-mate/Backend/./uploads/midi/single - 296.mid",19.0, 70.0, 0.0, 0.0, 0.4959, 4.632, 4.016, 0.125, 0.0348
"/mnt/c/Users/brkit/Desktop/TCC/midi-mate/Backend/./uploads/midi/single - 297.mid",39.0, 60.0, 0.0, 0.04706, 0.5804, 5.184, 8.0, 0.125, 0.02421
"/mnt/c/Users/brkit/Desktop/TCC/midi-mate/Backend/./uploads/midi/single - 298.mid",53.0, 63.0, 0.0, 0.035, 0.635, 6.207, 6.281, 0.1312, 0.02423
"/mnt/c/Users/brkit/Desktop/TCC/midi-mate/Backend/./uploads/midi/single - 30.mid",5.0, 53.0, 0.0, 0.2558, 0.4286, 2.923, 2.946, 0.2092, 0.02382
"/mnt/c/Users/brkit/Desktop/TCC/midi-mate/Backend/./uploads/midi/single - 31.mid",3.0, 54.0, 0.0, 0.338, 0.5161, 2.03, 4.811, 0.1147, 0.02326
"/mnt/c/Users/brkit/Desktop/TCC/midi-mate/Backend/./uploads/midi/single - 311.mid",46.0, 62.0, 0.0, 0.0, 0.7619, 9.344, 4.0, 0.25, 0.03481
"/mnt/c/Users/brkit/Desktop/TCC/midi-mate/Backend/./uploads/midi/single - 32.mid",1.0, 57.0, 0.0, 0.15, 0.4444, 1.983, 4.084, 0.1149, 0.02445
"/mnt/c/Users/brkit/Desktop/TCC/midi-mate/Backend/./uploads/midi/single - 328.mid",35.0, 51.0, 0.0, 0.0, 0.4921, 3.968, 8.003, 0.1198, 0.02422
"/mnt/c/Users/brkit/Desktop/TCC/midi-mate/Backend/./uploads/midi/single - 33.mid",24.0, 62.0, 0.0, 0.1404, 0.3265, 3.766, 3.869, 0.1268, 0.02428
"/mnt/c/Users/brkit/Desktop/TCC/midi-mate/Backend/./uploads/midi/single - 330.mid",19.0, 79.0, 0.0, 0.1463, 0.4483, 3.375, 5.626, 0.1278, 0.01452
"/mnt/c/Users/brkit/Desktop/TCC/midi-mate/Backend/./uploads/midi/single - 334.mid",15.0, 54.0, 0.0, 0.02128, 0.5652, 4.103, 3.199, 0.2539, 0.03031
"/mnt/c/Users/brkit/Desktop/TCC/midi-mate/Backend/./uploads/midi/single - 339.mid",24.0, 48.0, 0.0, 0.0, 0.3307, 3.89, 8.003, 0.1198, 0.02422
"/mnt/c/Users/brkit/Desktop/TCC/midi-mate/Backend/./uploads/midi/single - 34.mid",11.0, 47.0, 0.0, 0.1429, 0.4444, 5.536, 4.418, 0.1114, 0.02758
"/mnt/c/Users/brkit/Desktop/TCC/midi-mate/Backend/./uploads/midi/single - 341.mid",26.0, 53.0, 0.0, 0.0, 0.3333, 3.974, 8.001, 0.1198, 0.02421
"/mnt/c/Users/brkit/Desktop/TCC/midi-mate/Backend/./uploads/midi/single - 345.mid",34.0, 59.0, 0.0, 0.0, 0.3386, 4.0, 8.003, 0.1198, 0.02422
"/mnt/c/Users/brkit/Desktop/TCC/midi-mate/Backend/./uploads/midi/single - 347.mid",12.0, 62.0, 0.0, 0.3333, 0.8333, 2.0, 0.875, 0.6786, 0.06219
"/mnt/c/Users/brkit/Desktop/TCC/midi-mate/Backend/./uploads/midi/single - 348.mid",43.0, 52.0, 0.0, 0.0, 0.3707, 3.432, 8.003, 0.1198, 0.02422
"/mnt/c/Users/brkit/Desktop/TCC/midi-mate/Backend/./uploads/midi/single - 35.mid",22.0, 66.0, 0.0, 0.06349, 0.5079, 6.358, 4.303, 0.1074, 0.03481
"/mnt/c/Users/brkit/Desktop/TCC/midi-mate/Backend/./uploads/midi/single - 350.mid",0.0, 41.0, 0.0, 0.0, 0.0, 1.0, 3.516, 0.2493, 0.02467
"/mnt/c/Users/brkit/Desktop/TCC/midi-mate/Backend/./uploads/midi/single - 351.mid",0.0, 45.0, 0.0, 0.0, 0.0, 1.0, 4.633, 0.136, 0.02505
"/mnt/c/Users/brkit/Desktop/TCC/midi-mate/Backend/./uploads/midi/single - 352.mid",0.0, 57.0, 0.0, 0.0, 0.0, 1.0, 4.163, 0.1836, 0.02775
"/mnt/c/Users/brkit/Desktop/TCC/midi-mate/Backend/./uploads/midi/single - 353.mid",1.0, 63.0, 0.0, 0.3721, 0.5, 1.905, 5.529, 0.1402, 0.02441
"/mnt/c/Users/brkit/Desktop/TCC/midi-mate/Backend/./uploads/midi/single - 354.mid",0.0, 43.0, 0.0, 0.0, 0.0, 1.0, 3.25, 0.2422, 0.02804
"/mnt/c/Users/brkit/Desktop/TCC/midi-mate/Backend/./uploads/midi/single - 355.mid",0.0, 42.0, 0.0, 0.0, 0.0, 1.0, 3.683, 0.125, 0.02521
"/mnt/c/Users/brkit/Desktop/TCC/midi-mate/Backend/./uploads/midi/single - 356.mid",1.0, 66.0, 0.0, 0.0625, 0.5, 1.032, 4.19, 0.125, 0.02709
"/mnt/c/Users/brkit/Desktop/TCC/midi-mate/Backend/./uploads/midi/single - 357.mid",0.0, 51.0, 0.0, 0.0, 0.0, 1.0, 1.75, 0.3214, 0.03557
"/mnt/c/Users/brkit/Desktop/TCC/midi-mate/Backend/./uploads/midi/single - 358.mid",5.0, 55.0, 0.0, 0.04, 0.5, 1.591, 3.25, 0.3077, 0.02687
"/mnt/c/Users/brkit/Desktop/TCC/midi-mate/Backend/./uploads/midi/single - 359.mid",14.0, 56.0, 0.0, 0.07547, 0.5333, 1.479, 3.375, 0.3056, 0.02799
"/mnt/c/Users/brkit/Desktop/TCC/midi-mate/Backend/./uploads/midi/single - 36.mid",3.0, 46.0, 0.0, 0.02703, 0.4615, 1.75, 2.672, 0.2463, 0.03586
"/mnt/c/Users/brkit/Desktop/TCC/midi-mate/Backend/./uploads/midi/single - 360.mid",0.0, 55.0, 0.0, 0.0, 0.0, 1.0, 3.25, 0.1234, 0.02309
"/mnt/c/Users/brkit/Desktop/TCC/midi-mate/Backend/./uploads/midi/single - 361.mid",0.0, 54.0, 0.0, 0.0, 0.0, 1.0, 3.625, 0.2414, 0.02062
"/mnt/c/Users/brkit/Desktop/TCC/midi-mate/Backend/./uploads/midi/single - 362.mid",0.0, 60.0, 0.0, 0.0, 0.0, 1.0, 3.306, 0.1987, 0.03487
"/mnt/c/Users/brkit/Desktop/TCC/midi-mate/Backend/./uploads/midi/single - 363.mid",0.0, 65.0, 0.0, 0.0, 0.0, 1.0, 4.076, 0.1372, 0.02649
"/mnt/c/Users/brkit/Desktop/TCC/midi-mate/Backend/./uploads/midi/single - 364.mid",0.0, 43.0, 0.0, 0.0, 0.0, 1.0, 3.983, 0.1749, 0.02457
"/mnt/c/Users/brkit/Desktop/TCC/midi-mate/Backend/./uploads/midi/single - 365.mid",0.0, 67.0, 0.0, 0.0, 0.0, 1.0, 2.794, 0.2386, 0.0295
"/mnt/c/Users/brkit/Desktop/TCC/midi-mate/Backend/./uploads/midi/single - 366.mid",0.0, 39.0, 0.0, 0.0, 0.0, 1.0, 5.277, 0.131, 0.0245
"/mnt/c/Users/brkit/Desktop/TCC/midi-mate/Backend/./uploads/midi/single - 367.mid",0.0, 69.0, 0.0, 0.0, 0.0, 1.0, 3.75, 0.2, 0.02595
"/mnt/c/Users/brkit/Desktop/TCC/midi-mate/Backend/./uploads/midi/single - 368.mid",0.0, 48.0, 0.0, 0.0, 0.0, 1.0, 3.25, 0.2019, 0.02493
"/mnt/c/Users/brkit/Desktop/TCC/midi-mate/Backend/./uploads/midi/single - 369.mid",0.0, 55.0, 0.0, 0.0, 0.0, 1.0, 4.063, 0.1875, 0.0261
"/mnt/c/Users/brkit/Desktop/TCC/midi-mate/Backend/./uploads/midi/single - 37.mid",9.0, 63.0, 0.0, 0.1304, 0.3889, 4.8, 3.135, 0.1124, 0.0215
"/mnt/c/Users/brkit/Desktop/TCC/midi-mate/Backend/./uploads/midi/single - 370.mid",46.0, 47.0, 0.0, 0.0, 0.3333, 3.958, 8.001, 0.1198, 0.02421
"/mnt/c/Users/brkit/Desktop/TCC/midi-mate/Backend/./uploads/midi/single - 371.mid",46.0, 54.0, 0.0, 0.15, 0.15, 4.75, 1.812, 2.22, 0.04518
"/mnt/c/Users/brkit/Desktop/TCC/midi-mate/Backend/./uploads/midi/single - 38.mid",17.0, 62.0, 0.0, 0.1186, 0.4074, 4.273, 4.013, 0.1074, 0.02152
"/mnt/c/Users/brkit/Desktop/TCC/midi-mate/Backend/./uploads/midi/single - 389.mid",27.0, 53.0, 0.0, 0.0, 0.6383, 5.0, 6.506, 0.1123, 0.02352
"/mnt/c/Users/brkit/Desktop/TCC/midi-mate/Backend/./uploads/midi/single - 39.mid",3.0, 41.0, 0.0, 0.01205, 0.5385, 1.633, 5.618, 0.07423, 0.02728
"/mnt/c/Users/brkit/Desktop/TCC/midi-mate/Backend/./uploads/midi/single - 398.mid",40.0, 51.0, 0.0, 0.0, 0.4706, 4.146, 8.337, 0.1728, 0.02611
"/mnt/c/Users/brkit/Desktop/TCC/midi-mate/Backend/./uploads/midi/single - 40.mid",24.0, 47.0, 0.0, 0.02985, 0.4255, 4.73, 5.899, 0.08567, 0.02837
"/mnt/c/Users/brkit/Desktop/TCC/midi-mate/Backend/./uploads/midi/single - 408.mid",23.0, 57.0, 0.0, 0.0, 0.46, 4.707, 6.938, 0.1213, 0.0231
"/mnt/c/Users/brkit/Desktop/TCC/midi-mate/Backend/./uploads/midi/single - 41.mid",5.0, 56.0, 0.0, 0.1935, 0.4074, 3.614, 4.223, 0.1135, 0.01693
"/mnt/c/Users/brkit/Desktop/TCC/midi-mate/Backend/./uploads/midi/single - 418.mid",26.0, 49.0, 0.0, 0.0, 0.5079, 4.8, 8.561, 0.09277, 0.02305
"/mnt/c/Users/brkit/Desktop/TCC/midi-mate/Backend/./uploads/midi/single - 42.mid",20.0, 63.0, 0.0, 0.05128, 0.5926, 5.778, 2.661, 0.2677, 0.02583
"/mnt/c/Users/brkit/Desktop/TCC/midi-mate/Backend/./uploads/midi/single - 421.mid",22.0, 57.0, 0.0, 0.1034, 0.3333, 6.474, 4.003, 0.167, 0.03486
"/mnt/c/Users/brkit/Desktop/TCC/midi-mate/Backend/./uploads/midi/single - 43.mid",1.0, 56.0, 0.0, 0.3016, 0.5263, 1.903, 4.303, 0.1074, 0.02413
"/mnt/c/Users/brkit/Desktop/TCC/midi-mate/Backend/./uploads/midi/single - 44.mid",5.0, 58.0, 0.0, 0.1778, 0.4667, 3.073, 3.067, 0.135, 0.02408
"/mnt/c/Users/brkit/Desktop/TCC/midi-mate/Backend/./uploads/midi/single - 45.mid",17.0, 54.0, 0.0, 0.06667, 0.44, 2.468, 5.832, 0.09569, 0.02893
"/mnt/c/Users/brkit/Desktop/TCC/midi-mate/Backend/./uploads/midi/single - 46.mid",26.0, 54.0, 0.0, 0.2063, 0.4242, 4.148, 4.295, 0.1086, 0.02387
"/mnt/c/Users/brkit/Desktop/TCC/midi-mate/Backend/./uploads/midi/single - 460.mid",12.0, 42.0, 0.0, 0.07407, 0.3478, 4.476, 3.733, 0.2344, 0.03492
"/mnt/c/Users/brkit/Desktop/TCC/midi-mate/Backend/./uploads/midi/single - 465.mid",23.0, 60.0, 0.0, 0.127, 0.5, 2.981, 8.539, 0.1123, 0.02305
"/mnt/c/Users/brkit/Desktop/TCC/midi-mate/Backend/./uploads/midi/single - 468.mid",29.0, 61.0, 0.0, 0.0, 0.6614, 3.054, 8.0, 0.125, 0.02422
"/mnt/c/Users/brkit/Desktop/TCC/midi-mate/Backend/./uploads/midi/single - 47.mid",12.0, 59.0, 0.0, 0.0, 0.5, 2.237, 5.899, 0.09322, 0.02725
"/mnt/c/Users/brkit/Desktop/TCC/midi-mate/Backend/./uploads/midi/single - 470.mid",46.0, 55.0, 0.0, 0.0, 0.5039, 3.906, 8.003, 0.1198, 0.02422
"/mnt/c/Users/brkit/Desktop/TCC/midi-mate/Backend/./uploads/midi/single - 473.mid",8.0, 43.0, 0.0, 0.3226, 0.2353, 5.542, 4.0, 0.2515, 0.02804
"/mnt/c/Users/brkit/Desktop/TCC/midi-mate/Backend/./uploads/midi/single - 474.mid",10.0, 58.0, 0.0, 0.2105, 0.6923, 3.6, 1.251, 0.1729, 0.0271
"/mnt/c/Users/brkit/Desktop/TCC/midi-mate/Backend/./uploads/midi/single - 475.mid",0.0, 57.0, 0.0, 0.0, 0.0, 1.0, 2.581, 0.125, 0.02611
"/mnt/c/Users/brkit/Desktop/TCC/midi-mate/Backend/./uploads/midi/single - 478.mid",4.0, 42.0, 0.0, 0.68, 0.68, 3.238, 3.25, 0.3077, 0.035
"/mnt/c/Users/brkit/Desktop/TCC/midi-mate/Backend/./uploads/midi/single - 479.mid",29.0, 49.0, 0.0, 0.0, 0.6, 5.0, 3.0, 0.3333, 0.02725
"/mnt/c/Users/brkit/Desktop/TCC/midi-mate/Backend/./uploads/midi/single - 48.mid",3.0, 53.0, 0.0, 0.2308, 0.2941, 3.408, 3.554, 0.132, 0.03173
"/mnt/c/Users/brkit/Desktop/TCC/midi-mate/Backend/./uploads/midi/single - 480.mid",17.0, 40.0, 0.0, 0.09302, 0.4884, 4.938, 2.875, 0.3476, 0.02876
"/mnt/c/Users/brkit/Desktop/TCC/midi-mate/Backend/./uploads/midi/single - 481.mid",15.0, 54.0, 0.0, 0.1538, 0.6154, 3.3, 3.5, 0.2857, 0.02689
"/mnt/c/Users/brkit/Desktop/TCC/midi-mate/Backend/./uploads/midi/single - 482.mid",10.0, 55.0, 0.0, 0.4615, 0.6667, 3.444, 1.75, 0.5714, 0.03853
"/mnt/c/Users/brkit/Desktop/TCC/midi-mate/Backend/./uploads/midi/single - 483.mid",8.0, 54.0, 0.0, 0.03175, 0.3333, 1.0, 4.01, 0.2083, 0.03481
"/mnt/c/Users/brkit/Desktop/TCC/midi-mate/Backend/./uploads/midi/single - 484.mid",8.0, 72.0, 0.0, 0.4324, 0.54, 3.029, 5.894, 0.07313, 0.0177
"/mnt/c/Users/brkit/Desktop/TCC/midi-mate/Backend/./uploads/midi/single - 485.mid",40.0, 53.0, 0.0, 0.0, 0.4921, 6.613, 8.001, 0.1198, 0.02421
"/mnt/c/Users/brkit/Desktop/TCC/midi-mate/Backend/./uploads/midi/single - 488.mid",12.0, 63.0, 0.0, 0.1842, 0.5152, 4.0, 2.457, 0.3385, 0.02243
"/mnt/c/Users/brkit/Desktop/TCC/midi-mate/Backend/./uploads/midi/single - 49.mid",7.0, 57.0, 0.0, 0.0, 0.4688, 2.278, 4.148, 0.141, 0.02544
"/mnt/c/Users/brkit/Desktop/TCC/midi-mate/Backend/./uploads/midi/single - 490.mid",12.0, 50.0, 0.0, 0.03226, 0.5455, 2.522, 2.0, 0.5, 0.03831
"/mnt/c/Users/brkit/Desktop/TCC/midi-mate/Backend/./uploads/midi/single - 492.mid",17.0, 65.0, 0.0, 0.09412, 0.5325, 3.758, 2.774, 0.3766, 0.02058
"/mnt/c/Users/brkit/Desktop/TCC/midi-mate/Backend/./uploads/midi/single - 494.mid",64.0, 56.0, 0.0, 0.0, 0.4094, 5.396, 8.0, 0.12, 0.02422
"/mnt/c/Users/brkit/Desktop/TCC/midi-mate/Backend/./uploads/midi/single - 496.mid",48.0, 45.0, 0.0, 0.0, 0.4074, 2.895, 8.005, 0.1198, 0.02424
"/mnt/c/Users/brkit/Desktop/TCC/midi-mate/Backend/./uploads/midi/single - 50.mid",16.0, 48.0, 0.0, 0.02532, 0.3898, 2.117, 5.925, 0.1127, 0.02334
"/mnt/c/Users/brkit/Desktop/TCC/midi-mate/Backend/./uploads/midi/single - 500.mid",15.0, 58.0, 0.0, 0.05882, 0.09091, 3.037, 4.375, 0.1412, 0.02524
"/mnt/c/Users/brkit/Desktop/TCC/midi-mate/Backend/./uploads/midi/single - 502.mid",24.0, 65.0, 0.0, 0.2571, 0.2812, 6.105, 1.125, 0.375, 0.03687
"/mnt/c/Users/brkit/Desktop/TCC/midi-mate/Backend/./uploads/midi/single - 503.mid",24.0, 65.0, 0.0, 0.2571, 0.2812, 6.105, 1.125, 0.375, 0.03687
"/mnt/c/Users/brkit/Desktop/TCC/midi-mate/Backend/./uploads/midi/single - 504.mid",15.0, 56.0, 0.0, 0.0, 0.4615, 2.0, 2.999, 0.2344, 0.02736
"/mnt/c/Users/brkit/Desktop/TCC/midi-mate/Backend/./uploads/midi/single - 505.mid",7.0, 53.0, 0.0, 0.02564, 0.5556, 1.125, 2.5, 0.125, 0.02759
"/mnt/c/Users/brkit/Desktop/TCC/midi-mate/Backend/./uploads/midi/single - 506.mid",22.0, 59.0, 0.0, 0.0339, 0.9091, 1.286, 7.505, 0.1031, 0.02425
"/mnt/c/Users/brkit/Desktop/TCC/midi-mate/Backend/./uploads/midi/single - 508.mid",11.0, 79.0, 0.0, 0.0, 0.5106, 4.927, 1.311, 0.05859, 0.03965
"/mnt/c/Users/brkit/Desktop/TCC/midi-mate/Backend/./uploads/midi/single - 51.mid",22.0, 48.0, 0.0, 0.2807, 0.5814, 3.96, 4.435, 0.1033, 0.02349
"/mnt/c/Users/brkit/Desktop/TCC/midi-mate/Backend/./uploads/midi/single - 512.mid",19.0, 71.0, 0.0, 0.2963, 0.375, 5.095, 3.733, 0.2741, 0.02552
"/mnt/c/Users/brkit/Desktop/TCC/midi-mate/Backend/./uploads/midi/single - 514.mid",19.0, 67.0, 0.0, 0.4118, 0.5714, 3.0, 5.009, 0.07812, 0.02551
"/mnt/c/Users/brkit/Desktop/TCC/midi-mate/Backend/./uploads/midi/single - 515.mid",17.0, 71.0, 0.0, 0.0, 0.4375, 1.833, 3.201, 0.2837, 0.0328
"/mnt/c/Users/brkit/Desktop/TCC/midi-mate/Backend/./uploads/midi/single - 516.mid",17.0, 73.0, 0.0, 0.07692, 0.6, 2.768, 6.302, 0.07364, 0.01785
"/mnt/c/Users/brkit/Desktop/TCC/midi-mate/Backend/./uploads/midi/single - 519.mid",8.0, 33.0, 0.0, 0.05714, 0.5, 1.433, 2.403, 0.2825, 0.03605
"/mnt/c/Users/brkit/Desktop/TCC/midi-mate/Backend/./uploads/midi/single - 52.mid",17.0, 50.0, 0.0, 0.0122, 0.5263, 1.753, 5.542, 0.1021, 0.01945
"/mnt/c/Users/brkit/Desktop/TCC/midi-mate/Backend/./uploads/midi/single - 520.mid",34.0, 54.0, 0.0, 0.007874, 0.544, 4.054, 8.003, 0.12, 0.02422
"/mnt/c/Users/brkit/Desktop/TCC/midi-mate/Backend/./uploads/midi/single - 522.mid",9.0, 56.0, 0.0, 0.1163, 0.4211, 2.541, 2.934, 0.2497, 0.03407
"/mnt/c/Users/brkit/Desktop/TCC/midi-mate/Backend/./uploads/midi/single - 523.mid",12.0, 59.0, 0.0, 0.2632, 0.5429, 3.809, 3.867, 0.2203, 0.03481
"/mnt/c/Users/brkit/Desktop/TCC/midi-mate/Backend/./uploads/midi/single - 524.mid",12.0, 65.0, 0.0, 0.07692, 0.4, 3.75, 2.674, 0.1564, 0.02324
"/mnt/c/Users/brkit/Desktop/TCC/midi-mate/Backend/./uploads/midi/single - 525.mid",12.0, 57.0, 0.0, 0.3704, 0.3519, 5.085, 3.667, 0.2724, 0.02834
"/mnt/c/Users/brkit/Desktop/TCC/midi-mate/Backend/./uploads/midi/single - 526.mid",12.0, 58.0, 0.0, 0.359, 0.4333, 4.094, 2.693, 0.2364, 0.03647
"/mnt/c/Users/brkit/Desktop/TCC/midi-mate/Backend/./uploads/midi/single - 527.mid",12.0, 58.0, 0.0, 0.359, 0.4333, 4.094, 2.693, 0.2364, 0.03647
"/mnt/c/Users/brkit/Desktop/TCC/midi-mate/Backend/./uploads/midi/single - 528.mid",39.0, 46.0, 0.0, 0.003906, 0.3881, 2.991, 8.001, 0.1247, 0.0222
"/mnt/c/Users/brkit/Desktop/TCC/midi-mate/Backend/./uploads/midi/single - 53.mid",13.0, 54.0, 0.0, 0.2069, 0.4483, 2.944, 3.937, 0.1178, 0.0245
"/mnt/c/Users/brkit/Desktop/TCC/midi-mate/Backend/./uploads/midi/single - 530.mid",29.0, 50.0, 0.0, 0.0, 0.3386, 4.724, 8.003, 0.1198, 0.02422
"/mnt/c/Users/brkit/Desktop/TCC/midi-mate/Backend/./uploads/midi/single - 533.mid",17.0, 67.0, 0.0, 0.3968, 0.3651, 2.964, 4.267, 0.2344, 0.03481
"/mnt/c/Users/brkit/Desktop/TCC/midi-mate/Backend/./uploads/midi/single - 534.mid",10.0, 67.0, 0.0, 0.3968, 0.3651, 2.964, 4.267, 0.2344, 0.03481
"/mnt/c/Users/brkit/Desktop/TCC/midi-mate/Backend/./uploads/midi/single - 536.mid",17.0, 69.0, 0.0, 0.3934, 0.3443, 3.122, 4.267, 0.2344, 0.03481
"/mnt/c/Users/brkit/Desktop/TCC/midi-mate/Backend/./uploads/midi/single - 537.mid",7.0, 62.0, 0.0, 0.0, 0.5, 2.848, 5.05, 0.1045, 0.02454
"/mnt/c/Users/brkit/Desktop/TCC/midi-mate/Backend/./uploads/midi/single - 538.mid",49.0, 49.0, 0.0, 0.0, 0.3327, 3.906, 8.001, 0.1198, 0.02421
"/mnt/c/Users/brkit/Desktop/TCC/midi-mate/Backend/./uploads/midi/single - 54.mid",5.0, 57.0, 0.0, 0.1731, 0.6154, 2.918, 3.54, 0.1568, 0.02363
"/mnt/c/Users/brkit/Desktop/TCC/midi-mate/Backend/./uploads/midi/single - 540.mid",16.0, 35.0, 0.0, 0.0, 0.375, 2.75, 1.125, 0.8863, 0.0382
"/mnt/c/Users/brkit/Desktop/TCC/midi-mate/Backend/./uploads/midi/single - 541.mid",16.0, 32.0, 0.0, 0.0, 0.5, 1.5, 3.0, 0.2821, 0.02354
"/mnt/c/Users/brkit/Desktop/TCC/midi-mate/Backend/./uploads/midi/single - 55.mid",17.0, 56.0, 0.0, 0.1639, 0.6897, 3.125, 4.167, 0.1123, 0.02626
"/mnt/c/Users/brkit/Desktop/TCC/midi-mate/Backend/./uploads/midi/single - 550.mid",41.0, 51.0, 0.0, 0.0, 0.3386, 3.991, 8.003, 0.1198, 0.02422
"/mnt/c/Users/brkit/Desktop/TCC/midi-mate/Backend/./uploads/midi/single - 552.mid",24.0, 49.0, 0.0, 0.0, 0.4039, 3.126, 8.0, 0.1211, 0.02421
"/mnt/c/Users/brkit/Desktop/TCC/midi-mate/Backend/./uploads/midi/single - 56.mid",6.0, 55.0, 0.0, 0.3774, 0.4194, 2.25, 3.636, 0.1107, 0.02398
"/mnt/c/Users/brkit/Desktop/TCC/midi-mate/Backend/./uploads/midi/single - 561.mid",39.0, 46.0, 0.0, 0.0, 0.3386, 4.062, 8.003, 0.1198, 0.02422
"/mnt/c/Users/brkit/Desktop/TCC/midi-mate/Backend/./uploads/midi/single - 569.mid",31.0, 44.0, 0.0, 0.0, 0.3333, 3.965, 8.001, 0.1198, 0.02421
"/mnt/c/Users/brkit/Desktop/TCC/midi-mate/Backend/./uploads/midi/single - 57.mid",15.0, 56.0, 0.0, 0.1132, 0.6522, 2.872, 3.628, 0.1309, 0.03169
"/mnt/c/Users/brkit/Desktop/TCC/midi-mate/Backend/./uploads/midi/single - 577.mid",7.0, 60.0, 0.0, 0.5161, 0.4898, 2.288, 4.313, 0.0995, 0.03482
"/mnt/c/Users/brkit/Desktop/TCC/midi-mate/Backend/./uploads/midi/single - 579.mid",12.0, 65.0, 0.0, 0.07692, 0.4, 3.75, 2.674, 0.1564, 0.02324
"/mnt/c/Users/brkit/Desktop/TCC/midi-mate/Backend/./uploads/midi/single - 58.mid",8.0, 56.0, 0.0, 0.1481, 0.5116, 3.373, 3.671, 0.1431, 0.02389
"/mnt/c/Users/brkit/Desktop/TCC/midi-mate/Backend/./uploads/midi/single - 580.mid",31.0, 54.0, 0.0, 0.0, 0.5053, 4.291, 8.01, 0.1146, 0.02422
"/mnt/c/Users/brkit/Desktop/TCC/midi-mate/Backend/./uploads/midi/single - 582.mid",33.0, 49.0, 0.0, 0.0, 0.3675, 3.917, 8.003, 0.1198, 0.02422
"/mnt/c/Users/brkit/Desktop/TCC/midi-mate/Backend/./uploads/midi/single - 585.mid",29.0, 52.0, 0.0, 0.0, 0.3333, 4.089, 8.005, 0.1198, 0.02424
"/mnt/c/Users/brkit/Desktop/TCC/midi-mate/Backend/./uploads/midi/single - 587.mid",9.0, 59.0, 0.0, 0.1818, 0.5455, 3.714, 0.75, 1.333, 0.07881
"/mnt/c/Users/brkit/Desktop/TCC/midi-mate/Backend/./uploads/midi/single - 588.mid",14.0, 56.0, 0.0, 0.0, 0.5263, 2.361, 3.0, 0.3333, 0.02639
"/mnt/c/Users/brkit/Desktop/TCC/midi-mate/Backend/./uploads/midi/single - 589.mid",13.0, 55.0, 0.0, 0.3333, 0.5556, 3.667, 0.625, 1.6, 0.07881
"/mnt/c/Users/brkit/Desktop/TCC/midi-mate/Backend/./uploads/midi/single - 59.mid",10.0, 55.0, 0.0, 0.0, 0.3529, 2.842, 4.234, 0.1107, 0.02364
"/mnt/c/Users/brkit/Desktop/TCC/midi-mate/Backend/./uploads/midi/single - 590.mid",9.0, 44.0, 0.0, 0.0, 0.4667, 4.727, 1.0, 1.0, 0.07881
"/mnt/c/Users/brkit/Desktop/TCC/midi-mate/Backend/./uploads/midi/single - 591.mid",0.0, 21.0, 0.0, 0.0, 0.0, 1.0, 6.0, 0.08507, 0.0249
"/mnt/c/Users/brkit/Desktop/TCC/midi-mate/Backend/./uploads/midi/single - 594.mid",5.0, 43.0, 0.0, 0.1489, 0.4667, 2.682, 6.051, 0.07292, 0.02179
"/mnt/c/Users/brkit/Desktop/TCC/midi-mate/Backend/./uploads/midi/single - 595.mid",5.0, 67.0, 0.0, 0.1429, 0.4667, 2.696, 6.303, 0.07104, 0.02003
"/mnt/c/Users/brkit/Desktop/TCC/midi-mate/Backend/./uploads/midi/single - 597.mid",10.0, 45.0, 0.0, 0.3684, 0.5625, 3.4, 2.581, 0.2521, 0.03632
"/mnt/c/Users/brkit/Desktop/TCC/midi-mate/Backend/./uploads/midi/single - 598.mid",8.0, 82.0, 0.0, 0.28, 0.6429, 3.238, 3.335, 0.04688, 0.03019
"/mnt/c/Users/brkit/Desktop/TCC/midi-mate/Backend/./uploads/midi/single - 599.mid",11.0, 71.0, 0.0, 0.0, 0.4524, 4.151, 3.765, 0.2192, 0.02388
"/mnt/c/Users/brkit/Desktop/TCC/midi-mate/Backend/./uploads/midi/single - 60.mid",5.0, 56.0, 0.0, 0.03636, 0.375, 1.122, 3.744, 0.09652, 0.02231
"/mnt/c/Users/brkit/Desktop/TCC/midi-mate/Backend/./uploads/midi/single - 601.mid",10.0, 59.0, 0.0, 0.0, 0.4, 2.735, 4.881, 0.1554, 0.0273
"/mnt/c/Users/brkit/Desktop/TCC/midi-mate/Backend/./uploads/midi/single - 602.mid",7.0, 68.0, 0.0, 0.03704, 0.5556, 2.458, 3.509, 0.1458, 0.03077
"/mnt/c/Users/brkit/Desktop/TCC/midi-mate/Backend/./uploads/midi/single - 603.mid",22.0, 79.0, 0.0, 0.0, 0.4667, 1.679, 4.881, 0.1554, 0.0273
"/mnt/c/Users/brkit/Desktop/TCC/midi-mate/Backend/./uploads/midi/single - 604.mid",13.0, 41.0, 0.0, 0.08, 0.4167, 2.211, 3.25, 0.246, 0.02852
"/mnt/c/Users/brkit/Desktop/TCC/midi-mate/Backend/./uploads/midi/single - 605.mid",13.0, 77.0, 0.0, 0.06897, 0.4167, 2.087, 3.75, 0.2201, 0.0277
"/mnt/c/Users/brkit/Desktop/TCC/midi-mate/Backend/./uploads/midi/single - 607.mid",12.0, 45.0, 0.0, 0.09091, 0.4167, 2.214, 2.875, 0.2695, 0.03055
"/mnt/c/Users/brkit/Desktop/TCC/midi-mate/Backend/./uploads/midi/single - 608.mid",15.0, 72.0, 0.0, 0.05128, 0.4483, 3.8, 5.0, 0.1828, 0.02738
"/mnt/c/Users/brkit/Desktop/TCC/midi-mate/Backend/./uploads/midi/single - 61.mid",12.0, 49.0, 0.0, 0.02985, 0.5135, 2.222, 4.542, 0.1198, 0.02006
"/mnt/c/Users/brkit/Desktop/TCC/midi-mate/Backend/./uploads/midi/single - 610.mid",19.0, 68.0, 0.0, 0.06299, 0.3871, 5.755, 8.003, 0.1199, 0.02422
"/mnt/c/Users/brkit/Desktop/TCC/midi-mate/Backend/./uploads/midi/single - 611.mid",15.0, 67.0, 0.0, 0.08889, 0.5185, 3.722, 2.892, 0.1562, 0.03503
"/mnt/c/Users/brkit/Desktop/TCC/midi-mate/Backend/./uploads/midi/single - 613.mid",12.0, 43.0, 0.0, 0.0, 0.5714, 1.729, 4.513, 0.1198, 0.02737
"/mnt/c/Users/brkit/Desktop/TCC/midi-mate/Backend/./uploads/midi/single - 614.mid",12.0, 47.0, 0.0, 0.0, 0.5082, 1.943, 4.513, 0.1198, 0.02737
"/mnt/c/Users/brkit/Desktop/TCC/midi-mate/Backend/./uploads/midi/single - 616.mid",13.0, 67.0, 0.0, 0.07273, 0.5, 1.66, 3.624, 0.1198, 0.02747
"/mnt/c/Users/brkit/Desktop/TCC/midi-mate/Backend/./uploads/midi/single - 617.mid",23.0, 60.0, 0.0, 0.129, 0.7742, 4.762, 4.085, 0.1797, 0.02425
"/mnt/c/Users/brkit/Desktop/TCC/midi-mate/Backend/./uploads/midi/single - 618.mid",12.0, 71.0, 0.0, 0.06452, 0.3333, 5.0, 2.0, 0.5072, 0.03119
"/mnt/c/Users/brkit/Desktop/TCC/midi-mate/Backend/./uploads/midi/single - 619.mid",15.0, 47.0, 0.0, 0.0, 0.7407, 3.576, 4.655, 0.1202, 0.01944
"/mnt/c/Users/brkit/Desktop/TCC/midi-mate/Backend/./uploads/midi/single - 62.mid",12.0, 54.0, 0.0, 0.03509, 0.3191, 4.28, 3.902, 0.1078, 0.02644
"/mnt/c/Users/brkit/Desktop/TCC/midi-mate/Backend/./uploads/midi/single - 620.mid",15.0, 72.0, 0.0, 0.0, 0.7419, 4.0, 4.596, 0.1273, 0.01964
"/mnt/c/Users/brkit/Desktop/TCC/midi-mate/Backend/./uploads/midi/single - 622.mid",19.0, 58.0, 0.0, 0.0, 0.5161, 3.779, 4.51, 0.1296, 0.01975
"/mnt/c/Users/brkit/Desktop/TCC/midi-mate/Backend/./uploads/midi/single - 623.mid",7.0, 79.0, 0.0, 0.129, 0.6, 4.074, 4.018, 0.09635, 0.02374
"/mnt/c/Users/brkit/Desktop/TCC/midi-mate/Backend/./uploads/midi/single - 624.mid",22.0, 49.0, 0.0, 0.0, 0.5161, 15.71, 2.0, 0.5, 0.04523
"/mnt/c/Users/brkit/Desktop/TCC/midi-mate/Backend/./uploads/midi/single - 625.mid",36.0, 71.0, 0.0, 0.0, 0.5766, 1.8, 8.045, 0.07756, 0.02422
"/mnt/c/Users/brkit/Desktop/TCC/midi-mate/Backend/./uploads/midi/single - 626.mid",13.0, 70.0, 0.0, 0.04724, 0.3333, 1.137, 8.013, 0.09896, 0.02422
"/mnt/c/Users/brkit/Desktop/TCC/midi-mate/Backend/./uploads/midi/single - 627.mid",12.0, 69.0, 0.0, 0.2022, 0.3976, 5.85, 5.636, 0.1638, 0.01442
"/mnt/c/Users/brkit/Desktop/TCC/midi-mate/Backend/./uploads/midi/single - 629.mid",10.0, 74.0, 0.0, 0.0, 0.3429, 3.943, 2.764, 0.3108, 0.02833
"/mnt/c/Users/brkit/Desktop/TCC/midi-mate/Backend/./uploads/midi/single - 63.mid",9.0, 53.0, 0.0, 0.0, 0.5098, 3.262, 4.571, 0.128, 0.0273
"/mnt/c/Users/brkit/Desktop/TCC/midi-mate/Backend/./uploads/midi/single - 630.mid",21.0, 39.0, 0.0, 0.0, 0.6316, 4.8, 3.125, 0.31, 0.02792
"/mnt/c/Users/brkit/Desktop/TCC/midi-mate/Backend/./uploads/midi/single - 631.mid",10.0, 74.0, 0.0, 0.0, 0.2222, 2.95, 3.125, 0.2558, 0.02792
"/mnt/c/Users/brkit/Desktop/TCC/midi-mate/Backend/./uploads/midi/single - 632.mid",12.0, 67.0, 0.0, 0.0315, 0.5039, 3.646, 8.0, 0.125, 0.02422
"/mnt/c/Users/brkit/Desktop/TCC/midi-mate/Backend/./uploads/midi/single - 634.mid",12.0, 67.0, 0.0, 0.03361, 0.4746, 3.541, 7.5, 0.125, 0.02422
"/mnt/c/Users/brkit/Desktop/TCC/midi-mate/Backend/./uploads/midi/single - 639.mid",17.0, 69.0, 0.0, 0.0, 0.493, 2.847, 8.0, 0.08333, 0.02071
"/mnt/c/Users/brkit/Desktop/TCC/midi-mate/Backend/./uploads/midi/single - 64.mid",8.0, 54.0, 0.0, 0.06757, 0.7241, 2.953, 5.002, 0.1109, 0.02348
"/mnt/c/Users/brkit/Desktop/TCC/midi-mate/Backend/./uploads/midi/single - 641.mid",7.0, 37.0, 0.0, 0.02105, 0.7143, 1.0, 6.022, 0.1094, 0.02726
"/mnt/c/Users/brkit/Desktop/TCC/midi-mate/Backend/./uploads/midi/single - 642.mid",34.0, 61.0, 0.0, 0.01053, 0.5158, 6.043, 6.329, 0.1076, 0.02133
"/mnt/c/Users/brkit/Desktop/TCC/midi-mate/Backend/./uploads/midi/single - 643.mid",15.0, 65.0, 0.0, 0.04, 0.4, 2.682, 3.284, 0.09936, 0.02713
"/mnt/c/Users/brkit/Desktop/TCC/midi-mate/Backend/./uploads/midi/single - 645.mid",15.0, 34.0, 0.0, 0.04762, 0.4167, 1.481, 3.772, 0.2188, 0.03481
"/mnt/c/Users/brkit/Desktop/TCC/midi-mate/Backend/./uploads/midi/single - 646.mid",7.0, 70.0, 0.0, 0.1212, 0.5833, 2.714, 2.153, 0.125, 0.02844
"/mnt/c/Users/brkit/Desktop/TCC/midi-mate/Backend/./uploads/midi/single - 647.mid",12.0, 35.0, 0.0, 0.0, 0.4444, 2.984, 4.0, 0.1107, 0.02849
"/mnt/c/Users/brkit/Desktop/TCC/midi-mate/Backend/./uploads/midi/single - 648.mid",2.0, 67.0, 0.0, 0.0, 0.5128, 1.977, 2.875, 0.1014, 0.0272
"/mnt/c/Users/brkit/Desktop/TCC/midi-mate/Backend/./uploads/midi/single - 649.mid",17.0, 34.0, 0.0, 0.0, 0.4444, 3.4, 4.0, 0.1107, 0.02849
"/mnt/c/Users/brkit/Desktop/TCC/midi-mate/Backend/./uploads/midi/single - 65.mid",7.0, 65.0, 0.0, 0.1311, 0.2821, 3.862, 4.167, 0.1074, 0.0234
"/mnt/c/Users/brkit/Desktop/TCC/midi-mate/Backend/./uploads/midi/single - 650.mid",5.0, 68.0, 0.0, 0.04878, 0.4878, 3.135, 2.625, 0.1032, 0.02731
"/mnt/c/Users/brkit/Desktop/TCC/midi-mate/Backend/./uploads/midi/single - 652.mid",3.0, 53.0, 0.0, 0.0, 0.4286, 1.9, 1.73, 0.2118, 0.03513
"/mnt/c/Users/brkit/Desktop/TCC/midi-mate/Backend/./uploads/midi/single - 653.mid",15.0, 60.0, 0.0, 0.0, 0.3043, 5.045, 3.5, 0.2061, 0.02498
"/mnt/c/Users/brkit/Desktop/TCC/midi-mate/Backend/./uploads/midi/single - 657.mid",6.0, 51.0, 0.0, 0.3043, 0.4286, 2.952, 1.548, 0.5004, 0.03175
"/mnt/c/Users/brkit/Desktop/TCC/midi-mate/Backend/./uploads/midi/single - 658.mid",6.0, 74.0, 0.0, 0.1591, 0.4286, 2.643, 2.919, 0.1725, 0.02758
"/mnt/c/Users/brkit/Desktop/TCC/midi-mate/Backend/./uploads/midi/single - 66.mid",8.0, 58.0, 0.0, 0.1207, 0.3056, 4.22, 3.964, 0.1286, 0.02478
"/mnt/c/Users/brkit/Desktop/TCC/midi-mate/Backend/./uploads/midi/single - 660.mid",7.0, 43.0, 0.0, 0.05263, 0.5714, 2.0, 2.526, 0.225, 0.02561
"/mnt/c/Users/brkit/Desktop/TCC/midi-mate/Backend/./uploads/midi/single - 661.mid",7.0, 66.0, 0.0, 0.1, 0.6, 3.312, 2.625, 0.2897, 0.03617
"/mnt/c/Users/brkit/Desktop/TCC/midi-mate/Backend/./uploads/midi/single - 662.mid",15.0, 59.0, 0.0, 0.0, 0.5833, 3.857, 4.295, 0.1373, 0.02764
"/mnt/c/Users/brkit/Desktop/TCC/midi-mate/Backend/./uploads/midi/single - 663.mid",15.0, 70.0, 0.0, 0.0, 0.3158, 4.741, 4.295, 0.1373, 0.02764
"/mnt/c/Users/brkit/Desktop/TCC/midi-mate/Backend/./uploads/midi/single - 666.mid",8.0, 54.0, 0.0, 0.0, 0.625, 2.103, 4.0, 0.1849, 0.02777
"/mnt/c/Users/brkit/Desktop/TCC/midi-mate/Backend/./uploads/midi/single - 669.mid",9.0, 37.0, 0.0, 0.0, 0.4444, 1.273, 6.014, 0.1302, 0.02726
"/mnt/c/Users/brkit/Desktop/TCC/midi-mate/Backend/./uploads/midi/single - 67.mid",13.0, 77.0, 0.0, 0.06849, 0.5192, 3.232, 4.979, 0.1269, 0.02391
"/mnt/c/Users/brkit/Desktop/TCC/midi-mate/Backend/./uploads/midi/single - 670.mid",15.0, 74.0, 0.0, 0.08889, 0.5588, 2.824, 2.938, 0.2436, 0.02534
"/mnt/c/Users/brkit/Desktop/TCC/midi-mate/Backend/./uploads/midi/single - 671.mid",29.0, 61.0, 0.0, 0.0, 0.3543, 2.99, 8.013, 0.09896, 0.02422
"/mnt/c/Users/brkit/Desktop/TCC/midi-mate/Backend/./uploads/midi/single - 672.mid",17.0, 52.0, 0.0, 0.0, 0.6, 3.167, 4.315, 0.08333, 0.02461
"/mnt/c/Users/brkit/Desktop/TCC/midi-mate/Backend/./uploads/midi/single - 673.mid",8.0, 48.0, 0.0, 0.08333, 0.6667, 4.3, 1.562, 0.585, 0.02561
"/mnt/c/Users/brkit/Desktop/TCC/midi-mate/Backend/./uploads/midi/single - 675.mid",8.0, 47.0, 0.0, 0.07692, 0.5, 2.4, 1.75, 0.4345, 0.03621
"/mnt/c/Users/brkit/Desktop/TCC/midi-mate/Backend/./uploads/midi/single - 677.mid",8.0, 71.0, 0.0, 0.1176, 0.5, 1.75, 2.25, 0.25, 0.03006
"/mnt/c/Users/brkit/Desktop/TCC/midi-mate/Backend/./uploads/midi/single - 678.mid",12.0, 78.0, 0.0, 0.07692, 0.4615, 4.5, 1.75, 0.5357, 0.03655
"/mnt/c/Users/brkit/Desktop/TCC/midi-mate/Backend/./uploads/midi/single - 679.mid",20.0, 46.0, 0.0, 0.0, 0.5333, 2.0, 4.0, 0.2184, 0.02898
"/mnt/c/Users/brkit/Desktop/TCC/midi-mate/Backend/./uploads/midi/single - 68.mid",24.0, 63.0, 0.0, 0.1091, 0.5333, 5.111, 3.743, 0.1563, 0.02361
"/mnt/c/Users/brkit/Desktop/TCC/midi-mate/Backend/./uploads/midi/single - 680.mid",8.0, 66.0, 0.0, 0.09091, 0.375, 3.571, 3.08, 0.08333, 0.03025
"/mnt/c/Users/brkit/Desktop/TCC/midi-mate/Backend/./uploads/midi/single - 682.mid",8.0, 77.0, 0.0, 0.28, 0.4737, 3.7, 3.25, 0.2692, 0.02947
"/mnt/c/Users/brkit/Desktop/TCC/midi-mate/Backend/./uploads/midi/single - 684.mid",5.0, 74.0, 0.0, 0.04, 0.4444, 2.136, 3.302, 0.09295, 0.02947
"/mnt/c/Users/brkit/Desktop/TCC/midi-mate/Backend/./uploads/midi/single - 686.mid",12.0, 61.0, 0.0, 0.0, 0.25, 1.222, 3.25, 0.1346, 0.03034
"/mnt/c/Users/brkit/Desktop/TCC/midi-mate/Backend/./uploads/midi/single - 687.mid",19.0, 45.0, 0.0, 0.0, 0.5, 1.333, 3.25, 0.1346, 0.03034
"/mnt/c/Users/brkit/Desktop/TCC/midi-mate/Backend/./uploads/midi/single - 689.mid",8.0, 67.0, 0.0, 0.07407, 0.5, 3.0, 3.518, 0.2083, 0.02538
"/mnt/c/Users/brkit/Desktop/TCC/midi-mate/Backend/./uploads/midi/single - 69.mid",5.0, 57.0, 0.0, 0.06667, 0.6, 1.884, 5.085, 0.1067, 0.02729
"/mnt/c/Users/brkit/Desktop/TCC/midi-mate/Backend/./uploads/midi/single - 699.mid",2.0, 53.0, 0.0, 0.3043, 0.6364, 2.714, 3.136, 0.1552, 0.02844
"/mnt/c/Users/brkit/Desktop/TCC/midi-mate/Backend/./uploads/midi/single - 70.mid",8.0, 57.0, 0.0, 0.125, 0.5, 3.725, 3.839, 0.09963, 0.02986
"/mnt/c/Users/brkit/Desktop/TCC/midi-mate/Backend/./uploads/midi/single - 701.mid",8.0, 67.0, 0.0, 0.0, 0.3636, 3.0, 1.601, 0.5268, 0.0403
"/mnt/c/Users/brkit/Desktop/TCC/midi-mate/Backend/./uploads/midi/single - 703.mid",4.0, 57.0, 0.0, 0.12, 0.8333, 2.227, 3.552, 0.1662, 0.02541
"/mnt/c/Users/brkit/Desktop/TCC/midi-mate/Backend/./uploads/midi/single - 704.mid",9.0, 48.0, 0.0, 0.09091, 0.7778, 4.5, 1.562, 0.64, 0.03525
"/mnt/c/Users/brkit/Desktop/TCC/midi-mate/Backend/./uploads/midi/single - 705.mid",9.0, 46.0, 0.0, 0.09091, 0.7778, 4.5, 1.562, 0.64, 0.03525
"/mnt/c/Users/brkit/Desktop/TCC/midi-mate/Backend/./uploads/midi/single - 706.mid",9.0, 46.0, 0.0, 0.09091, 0.7778, 4.5, 1.562, 0.64, 0.03525
"/mnt/c/Users/brkit/Desktop/TCC/midi-mate/Backend/./uploads/midi/single - 707.mid",17.0, 53.0, 0.0, 0.1818, 0.2778, 4.25, 2.995, 0.3652, 0.03556
"/mnt/c/Users/brkit/Desktop/TCC/midi-mate/Backend/./uploads/midi/single - 708.mid",8.0, 44.0, 0.0, 0.2308, 0.6111, 3.05, 3.516, 0.2667, 0.02806
"/mnt/c/Users/brkit/Desktop/TCC/midi-mate/Backend/./uploads/midi/single - 709.mid",8.0, 44.0, 0.0, 0.2308, 0.6111, 3.05, 3.516, 0.2667, 0.02806
"/mnt/c/Users/brkit/Desktop/TCC/midi-mate/Backend/./uploads/midi/single - 71.mid",8.0, 59.0, 0.0, 0.3019, 0.6829, 4.816, 3.63, 0.1308, 0.02352
"/mnt/c/Users/brkit/Desktop/TCC/midi-mate/Backend/./uploads/midi/single - 710.mid",12.0, 49.0, 0.0, 0.04, 0.3478, 3.591, 3.495, 0.24, 0.0349
"/mnt/c/Users/brkit/Desktop/TCC/midi-mate/Backend/./uploads/midi/single - 711.mid",14.0, 62.0, 0.0, 0.0, 0.5238, 4.5, 2.865, 0.24, 0.03601
"/mnt/c/Users/brkit/Desktop/TCC/midi-mate/Backend/./uploads/midi/single - 712.mid",12.0, 71.0, 0.0, 0.0, 0.5238, 4.885, 4.233, 0.1575, 0.02459
"/mnt/c/Users/brkit/Desktop/TCC/midi-mate/Backend/./uploads/midi/single - 713.mid",8.0, 61.0, 0.0, 0.1304, 0.6364, 4.333, 3.125, 0.255, 0.02689
"/mnt/c/Users/brkit/Desktop/TCC/midi-mate/Backend/./uploads/midi/single - 714.mid",4.0, 57.0, 0.0, 0.12, 0.8333, 2.227, 3.552, 0.1662, 0.02541
"/mnt/c/Users/brkit/Desktop/TCC/midi-mate/Backend/./uploads/midi/single - 715.mid",17.0, 53.0, 0.0, 0.1818, 0.2778, 4.25, 2.995, 0.3652, 0.03556
"/mnt/c/Users/brkit/Desktop/TCC/midi-mate/Backend/./uploads/midi/single - 716.mid",8.0, 44.0, 0.0, 0.2308, 0.6111, 3.05, 3.516, 0.2667, 0.02806
"/mnt/c/Users/brkit/Desktop/TCC/midi-mate/Backend/./uploads/midi/single - 717.mid",9.0, 61.0, 0.0, 0.3043, 0.3478, 6.188, 3.125, 0.31, 0.03141
"/mnt/c/Users/brkit/Desktop/TCC/midi-mate/Backend/./uploads/midi/single - 718.mid",15.0, 41.0, 0.0, 0.02857, 0.6571, 5.714, 4.762, 0.1433, 0.02441
"/mnt/c/Users/brkit/Desktop/TCC/midi-mate/Backend/./uploads/midi/single - 72.mid",8.0, 66.0, 0.0, 0.03175, 0.4848, 2.965, 4.268, 0.1869, 0.02517
"/mnt/c/Users/brkit/Desktop/TCC/midi-mate/Backend/./uploads/midi/single - 720.mid",12.0, 68.0, 0.0, 0.2188, 0.7188, 4.0, 4.362, 0.1321, 0.02507
"/mnt/c/Users/brkit/Desktop/TCC/midi-mate/Backend/./uploads/midi/single - 721.mid",2.0, 49.0, 0.0, 0.4211, 0.6316, 2.941, 2.614, 0.24, 0.03622
"/mnt/c/Users/brkit/Desktop/TCC/midi-mate/Backend/./uploads/midi/single - 723.mid",9.0, 63.0, 0.0, 0.0, 0.6667, 4.0, 1.302, 0.768, 0.04939
"/mnt/c/Users/brkit/Desktop/TCC/midi-mate/Backend/./uploads/midi/single - 724.mid",8.0, 57.0, 0.0, 0.07407, 0.6087, 5.227, 3.646, 0.24, 0.02898
"/mnt/c/Users/brkit/Desktop/TCC/midi-mate/Backend/./uploads/midi/single - 725.mid",12.0, 48.0, 0.0, 0.0, 0.45, 4.5, 2.734, 0.32, 0.02747
"/mnt/c/Users/brkit/Desktop/TCC/midi-mate/Backend/./uploads/midi/single - 726.mid",7.0, 51.0, 0.0, 0.0, 0.3333, 3.0, 1.693, 0.5908, 0.04121
"/mnt/c/Users/brkit/Desktop/TCC/midi-mate/Backend/./uploads/midi/single - 727.mid",12.0, 54.0, 0.0, 0.08621, 0.6724, 5.755, 7.682, 0.12, 0.02425
"/mnt/c/Users/brkit/Desktop/TCC/midi-mate/Backend/./uploads/midi/single - 73.mid",17.0, 60.0, 0.0, 0.0, 0.6197, 5.27, 4.803, 0.105, 0.02322
"/mnt/c/Users/brkit/Desktop/TCC/midi-mate/Backend/./uploads/midi/single - 730.mid",10.0, 61.0, 0.0, 0.04545, 0.5, 4.941, 2.995, 0.2139, 0.03545
"/mnt/c/Users/brkit/Desktop/TCC/midi-mate/Backend/./uploads/midi/single - 731.mid",12.0, 59.0, 0.0, 0.1333, 0.5, 4.111, 2.09, 0.3734, 0.04343
"/mnt/c/Users/brkit/Desktop/TCC/midi-mate/Backend/./uploads/midi/single - 732.mid",11.0, 49.0, 0.0, 0.1176, 0.5, 2.167, 2.362, 0.3633, 0.02577
"/mnt/c/Users/brkit/Desktop/TCC/midi-mate/Backend/./uploads/midi/single - 733.mid",9.0, 55.0, 0.0, 0.0, 0.4444, 5.409, 3.646, 0.2057, 0.03488
"/mnt/c/Users/brkit/Desktop/TCC/midi-mate/Backend/./uploads/midi/single - 734.mid",14.0, 65.0, 0.0, 0.0, 0.4194, 4.1, 5.026, 0.1453, 0.02463
"/mnt/c/Users/brkit/Desktop/TCC/midi-mate/Backend/./uploads/midi/single - 735.mid",15.0, 66.0, 0.0, 0.0, 0.4, 5.467, 2.865, 0.2564, 0.03268
"/mnt/c/Users/brkit/Desktop/TCC/midi-mate/Backend/./uploads/midi/single - 736.mid",21.0, 56.0, 0.0, 0.1429, 0.5238, 8.727, 2.865, 0.2509, 0.02743
"/mnt/c/Users/brkit/Desktop/TCC/midi-mate/Backend/./uploads/midi/single - 737.mid",3.0, 59.0, 0.0, 0.25, 0.6364, 2.857, 2.214, 0.4094, 0.02724
"/mnt/c/Users/brkit/Desktop/TCC/midi-mate/Backend/./uploads/midi/single - 738.mid",12.0, 64.0, 0.0, 0.03333, 0.4444, 3.958, 4.036, 0.2245, 0.02713
"/mnt/c/Users/brkit/Desktop/TCC/midi-mate/Backend/./uploads/midi/single - 739.mid",12.0, 56.0, 0.0, 0.4091, 0.5455, 5.077, 2.995, 0.2452, 0.02745
"/mnt/c/Users/brkit/Desktop/TCC/midi-mate/Backend/./uploads/midi/single - 74.mid",16.0, 52.0, 0.0, 0.0, 0.6154, 4.383, 4.141, 0.137, 0.02451
"/mnt/c/Users/brkit/Desktop/TCC/midi-mate/Backend/./uploads/midi/single - 740.mid",8.0, 51.0, 0.0, 0.0, 0.5556, 3.368, 3.194, 0.1983, 0.02557
"/mnt/c/Users/brkit/Desktop/TCC/midi-mate/Backend/./uploads/midi/single - 742.mid",12.0, 68.0, 0.0, 0.2188, 0.7188, 4.0, 4.362, 0.1321, 0.02502
"/mnt/c/Users/brkit/Desktop/TCC/midi-mate/Backend/./uploads/midi/single - 744.mid",12.0, 68.0, 0.0, 0.2188, 0.7188, 4.0, 4.362, 0.1321, 0.02502
"/mnt/c/Users/brkit/Desktop/TCC/midi-mate/Backend/./uploads/midi/single - 745.mid",2.0, 49.0, 0.0, 0.4211, 0.6316, 2.941, 2.614, 0.24, 0.03622
"/mnt/c/Users/brkit/Desktop/TCC/midi-mate/Backend/./uploads/midi/single - 746.mid",6.0, 50.0, 0.0, 0.2759, 0.6957, 4.68, 4.06, 0.1911, 0.02167
"/mnt/c/Users/brkit/Desktop/TCC/midi-mate/Backend/./uploads/midi/single - 748.mid",12.0, 55.0, 0.0, 0.0, 0.375, 3.783, 3.776, 0.1986, 0.02791
"/mnt/c/Users/brkit/Desktop/TCC/midi-mate/Backend/./uploads/midi/single - 749.mid",13.0, 65.0, 0.0, 0.03704, 0.6296, 4.545, 3.704, 0.1886, 0.02516
"/mnt/c/Users/brkit/Desktop/TCC/midi-mate/Backend/./uploads/midi/single - 75.mid",10.0, 61.0, 0.0, 0.0, 0.5882, 1.692, 5.828, 0.09552, 0.01776
"/mnt/c/Users/brkit/Desktop/TCC/midi-mate/Backend/./uploads/midi/single - 750.mid",12.0, 55.0, 0.0, 0.1633, 0.6122, 5.432, 6.51, 0.12, 0.02435
"/mnt/c/Users/brkit/Desktop/TCC/midi-mate/Backend/./uploads/midi/single - 751.mid",7.0, 51.0, 0.0, 0.0, 0.3333, 3.0, 1.693, 0.5908, 0.04121
"/mnt/c/Users/brkit/Desktop/TCC/midi-mate/Backend/./uploads/midi/single - 752.mid",10.0, 67.0, 0.0, 0.2963, 0.5926, 5.053, 3.646, 0.2554, 0.01917
"/mnt/c/Users/brkit/Desktop/TCC/midi-mate/Backend/./uploads/midi/single - 754.mid",8.0, 64.0, 0.0, 0.0625, 0.5714, 2.759, 4.365, 0.08727, 0.02442
"/mnt/c/Users/brkit/Desktop/TCC/midi-mate/Backend/./uploads/midi/single - 755.mid",15.0, 52.0, 0.0, 0.2857, 0.5455, 2.556, 1.953, 0.512, 0.03755
"/mnt/c/Users/brkit/Desktop/TCC/midi-mate/Backend/./uploads/midi/single - 756.mid",12.0, 59.0, 0.0, 0.1333, 0.5, 4.111, 2.09, 0.3734, 0.04334
"/mnt/c/Users/brkit/Desktop/TCC/midi-mate/Backend/./uploads/midi/single - 757.mid",11.0, 49.0, 0.0, 0.1176, 0.5, 2.167, 2.362, 0.3633, 0.02577
"/mnt/c/Users/brkit/Desktop/TCC/midi-mate/Backend/./uploads/midi/single - 758.mid",14.0, 65.0, 0.0, 0.0, 0.4194, 4.1, 5.026, 0.1453, 0.02463
"/mnt/c/Users/brkit/Desktop/TCC/midi-mate/Backend/./uploads/midi/single - 759.mid",15.0, 66.0, 0.0, 0.0, 0.4, 5.467, 2.865, 0.2564, 0.03268
"/mnt/c/Users/brkit/Desktop/TCC/midi-mate/Backend/./uploads/midi/single - 76.mid",3.0, 63.0, 0.0, 0.3099, 0.4615, 2.015, 4.828, 0.1355, 0.02399
"/mnt/c/Users/brkit/Desktop/TCC/midi-mate/Backend/./uploads/midi/single - 760.mid",3.0, 59.0, 0.0, 0.25, 0.6364, 2.857, 2.214, 0.4094, 0.02724
"/mnt/c/Users/brkit/Desktop/TCC/midi-mate/Backend/./uploads/midi/single - 761.mid",3.0, 50.0, 0.0, 0.2105, 0.5, 2.588, 2.604, 0.3585, 0.02561
"/mnt/c/Users/brkit/Desktop/TCC/midi-mate/Backend/./uploads/midi/single - 762.mid",16.0, 57.0, 0.0, 0.03226, 0.4516, 3.88, 4.167, 0.24, 0.03485
"/mnt/c/Users/brkit/Desktop/TCC/midi-mate/Backend/./uploads/midi/single - 763.mid",15.0, 55.0, 0.0, 0.0, 0.4583, 4.471, 3.255, 0.2976, 0.03491
"/mnt/c/Users/brkit/Desktop/TCC/midi-mate/Backend/./uploads/midi/single - 764.mid",7.0, 62.0, 0.0, 0.1304, 0.5294, 4.053, 3.125, 0.285, 0.02083
"/mnt/c/Users/brkit/Desktop/TCC/midi-mate/Backend/./uploads/midi/single - 765.mid",9.0, 61.0, 0.0, 0.35, 0.4375, 4.067, 2.778, 0.2286, 0.02658
"/mnt/c/Users/brkit/Desktop/TCC/midi-mate/Backend/./uploads/midi/single - 766.mid",15.0, 68.0, 0.0, 0.1905, 0.6154, 7.147, 5.599, 0.1507, 0.02432
"/mnt/c/Users/brkit/Desktop/TCC/midi-mate/Backend/./uploads/midi/single - 767.mid",13.0, 55.0, 0.0, 0.0, 0.5926, 4.5, 3.776, 0.2193, 0.02514
"/mnt/c/Users/brkit/Desktop/TCC/midi-mate/Backend/./uploads/midi/single - 77.mid",8.0, 55.0, 0.0, 0.0, 0.5, 2.182, 3.401, 0.1192, 0.02411
"/mnt/c/Users/brkit/Desktop/TCC/midi-mate/Backend/./uploads/midi/single - 770.mid",4.0, 50.0, 0.0, 0.4444, 0.5217, 4.391, 3.687, 0.1493, 0.0247
"/mnt/c/Users/brkit/Desktop/TCC/midi-mate/Backend/./uploads/midi/single - 771.mid",7.0, 89.0, 0.0, 0.2381, 0.5263, 4.118, 2.865, 0.3382, 0.03152
"/mnt/c/Users/brkit/Desktop/TCC/midi-mate/Backend/./uploads/midi/single - 772.mid",15.0, 55.0, 0.0, 0.0, 0.4583, 4.471, 3.255, 0.2976, 0.03491
"/mnt/c/Users/brkit/Desktop/TCC/midi-mate/Backend/./uploads/midi/single - 773.mid",5.0, 54.0, 0.0, 0.3333, 0.35, 3.0, 2.865, 0.3491, 0.03122
"/mnt/c/Users/brkit/Desktop/TCC/midi-mate/Backend/./uploads/midi/single - 774.mid",9.0, 54.0, 0.0, 0.05556, 0.5625, 4.214, 2.474, 0.4042, 0.03705
"/mnt/c/Users/brkit/Desktop/TCC/midi-mate/Backend/./uploads/midi/single - 775.mid",5.0, 53.0, 0.0, 0.4444, 0.4762, 2.75, 3.646, 0.2523, 0.02556
"/mnt/c/Users/brkit/Desktop/TCC/midi-mate/Backend/./uploads/midi/single - 776.mid",13.0, 65.0, 0.0, 0.03226, 0.5484, 4.462, 4.233, 0.1575, 0.02467
"/mnt/c/Users/brkit/Desktop/TCC/midi-mate/Backend/./uploads/midi/single - 777.mid",13.0, 65.0, 0.0, 0.03704, 0.6296, 4.545, 3.704, 0.1886, 0.02516
"/mnt/c/Users/brkit/Desktop/TCC/midi-mate/Backend/./uploads/midi/single - 778.mid",6.0, 53.0, 0.0, 0.1481, 0.5833, 4.478, 3.646, 0.1843, 0.03317
"/mnt/c/Users/brkit/Desktop/TCC/midi-mate/Backend/./uploads/midi/single - 779.mid",7.0, 63.0, 0.0, 0.0, 0.4667, 3.1, 3.175, 0.19, 0.02837
"/mnt/c/Users/brkit/Desktop/TCC/midi-mate/Backend/./uploads/midi/single - 78.mid",24.0, 50.0, 0.0, 0.0, 0.4902, 3.49, 4.802, 0.1066, 0.02525
"/mnt/c/Users/brkit/Desktop/TCC/midi-mate/Backend/./uploads/midi/single - 782.mid",5.0, 68.0, 0.0, 0.0, 0.4, 3.0, 2.151, 0.33, 0.03561
"/mnt/c/Users/brkit/Desktop/TCC/midi-mate/Backend/./uploads/midi/single - 785.mid",18.0, 60.0, 0.0, 0.1282, 0.5, 3.658, 5.99, 0.1113, 0.02467
"/mnt/c/Users/brkit/Desktop/TCC/midi-mate/Backend/./uploads/midi/single - 786.mid",5.0, 55.0, 0.0, 0.6667, 0.8, 4.727, 2.083, 0.42, 0.03965
"/mnt/c/Users/brkit/Desktop/TCC/midi-mate/Backend/./uploads/midi/single - 787.mid",12.0, 46.0, 0.0, 0.1364, 0.5, 5.059, 2.995, 0.2609, 0.02603
"/mnt/c/Users/brkit/Desktop/TCC/midi-mate/Backend/./uploads/midi/single - 789.mid",9.0, 54.0, 0.0, 0.05556, 0.5625, 4.214, 2.474, 0.4042, 0.03705
"/mnt/c/Users/brkit/Desktop/TCC/midi-mate/Backend/./uploads/midi/single - 79.mid",16.0, 67.0, 0.0, 0.1639, 0.52, 2.982, 4.135, 0.13, 0.02355
"/mnt/c/Users/brkit/Desktop/TCC/midi-mate/Backend/./uploads/midi/single - 790.mid",5.0, 53.0, 0.0, 0.4444, 0.4762, 2.75, 3.646, 0.2523, 0.02556
"/mnt/c/Users/brkit/Desktop/TCC/midi-mate/Backend/./uploads/midi/single - 791.mid",5.0, 50.0, 0.0, 0.5143, 0.5517, 4.107, 4.765, 0.1239, 0.02745
"/mnt/c/Users/brkit/Desktop/TCC/midi-mate/Backend/./uploads/midi/single - 792.mid",6.0, 52.0, 0.0, 0.1724, 0.5385, 4.52, 3.906, 0.18, 0.03336
"/mnt/c/Users/brkit/Desktop/TCC/midi-mate/Backend/./uploads/midi/single - 794.mid",7.0, 63.0, 0.0, 0.0, 0.4667, 3.1, 3.175, 0.19, 0.02837
"/mnt/c/Users/brkit/Desktop/TCC/midi-mate/Backend/./uploads/midi/single - 796.mid",18.0, 60.0, 0.0, 0.1282, 0.5, 3.658, 5.99, 0.1113, 0.02467
"/mnt/c/Users/brkit/Desktop/TCC/midi-mate/Backend/./uploads/midi/single - 797.mid",12.0, 46.0, 0.0, 0.1364, 0.5, 5.059, 2.995, 0.2609, 0.02603
"/mnt/c/Users/brkit/Desktop/TCC/midi-mate/Backend/./uploads/midi/single - 798.mid",10.0, 62.0, 0.0, 0.3913, 0.5455, 3.632, 3.226, 0.175, 0.03035
"/mnt/c/Users/brkit/Desktop/TCC/midi-mate/Backend/./uploads/midi/single - 80.mid",20.0, 64.0, 0.0, 0.0, 0.5385, 2.015, 5.765, 0.1121, 0.01656
"/mnt/c/Users/brkit/Desktop/TCC/midi-mate/Backend/./uploads/midi/single - 800.mid",12.0, 66.0, 0.0, 0.2, 0.25, 2.933, 2.743, 0.2731, 0.03588
"/mnt/c/Users/brkit/Desktop/TCC/midi-mate/Backend/./uploads/midi/single - 801.mid",15.0, 61.0, 0.0, 0.0, 0.5517, 3.739, 4.167, 0.1471, 0.0245
"/mnt/c/Users/brkit/Desktop/TCC/midi-mate/Backend/./uploads/midi/single - 802.mid",7.0, 76.0, 0.0, 0.1053, 0.4118, 3.933, 2.646, 0.288, 0.02914
"/mnt/c/Users/brkit/Desktop/TCC/midi-mate/Backend/./uploads/midi/single - 803.mid",39.0, 48.0, 0.0, 0.0, 0.3307, 3.912, 8.003, 0.1198, 0.02422
"/mnt/c/Users/brkit/Desktop/TCC/midi-mate/Backend/./uploads/midi/single - 805.mid",39.0, 51.0, 0.0, 0.0, 0.3925, 3.408, 8.003, 0.1198, 0.02422
"/mnt/c/Users/brkit/Desktop/TCC/midi-mate/Backend/./uploads/midi/single - 808.mid",24.0, 60.0, 0.0, 0.02581, 0.5461, 5.165, 4.875, 0.1918, 0.01866
"/mnt/c/Users/brkit/Desktop/TCC/midi-mate/Backend/./uploads/midi/single - 81.mid",8.0, 42.0, 0.0, 0.0, 0.5122, 2.19, 4.571, 0.1226, 0.03033
"/mnt/c/Users/brkit/Desktop/TCC/midi-mate/Backend/./uploads/midi/single - 812.mid",9.0, 39.0, 0.0, 0.25, 0.3889, 3.571, 3.333, 0.3, 0.02459
"/mnt/c/Users/brkit/Desktop/TCC/midi-mate/Backend/./uploads/midi/single - 816.mid",8.0, 43.0, 0.0, 0.2857, 0.2727, 3.765, 2.933, 0.3304, 0.02691
"/mnt/c/Users/brkit/Desktop/TCC/midi-mate/Backend/./uploads/midi/single - 819.mid",6.0, 41.0, 0.0, 0.2174, 0.4118, 3.05, 3.2, 0.3135, 0.02512
"/mnt/c/Users/brkit/Desktop/TCC/midi-mate/Backend/./uploads/midi/single - 82.mid",10.0, 67.0, 0.0, 0.1935, 0.5263, 2.862, 4.2, 0.2176, 0.02442
"/mnt/c/Users/brkit/Desktop/TCC/midi-mate/Backend/./uploads/midi/single - 820.mid",10.0, 41.0, 0.0, 0.1, 0.5, 2.867, 2.8, 0.3571, 0.02906
"/mnt/c/Users/brkit/Desktop/TCC/midi-mate/Backend/./uploads/midi/single - 821.mid",6.0, 41.0, 0.0, 0.05882, 0.375, 2.857, 2.438, 0.2781, 0.02927
"/mnt/c/Users/brkit/Desktop/TCC/midi-mate/Backend/./uploads/midi/single - 823.mid",12.0, 67.0, 0.0, 0.0, 0.6667, 2.4, 1.2, 0.8333, 0.05633
"/mnt/c/Users/brkit/Desktop/TCC/midi-mate/Backend/./uploads/midi/single - 824.mid",12.0, 54.0, 0.0, 0.03704, 0.4737, 3.478, 3.733, 0.2194, 0.024
"/mnt/c/Users/brkit/Desktop/TCC/midi-mate/Backend/./uploads/midi/single - 825.mid",9.0, 44.0, 0.0, 0.1905, 0.4615, 3.706, 2.936, 0.3406, 0.02585
"/mnt/c/Users/brkit/Desktop/TCC/midi-mate/Backend/./uploads/midi/single - 827.mid",3.0, 42.0, 0.0, 0.1905, 0.375, 2.368, 3.129, 0.1172, 0.0245
"/mnt/c/Users/brkit/Desktop/TCC/midi-mate/Backend/./uploads/midi/single - 828.mid",7.0, 38.0, 0.0, 0.2308, 0.4118, 3.348, 3.6, 0.2779, 0.02366
"/mnt/c/Users/brkit/Desktop/TCC/midi-mate/Backend/./uploads/midi/single - 829.mid",8.0, 39.0, 0.0, 0.1111, 0.2857, 2.933, 2.533, 0.3947, 0.03802
"/mnt/c/Users/brkit/Desktop/TCC/midi-mate/Backend/./uploads/midi/single - 83.mid",7.0, 58.0, 0.0, 0.1053, 0.5, 3.727, 2.603, 0.1926, 0.02549
"/mnt/c/Users/brkit/Desktop/TCC/midi-mate/Backend/./uploads/midi/single - 831.mid",7.0, 38.0, 0.0, 0.0, 0.5714, 1.857, 2.438, 0.2734, 0.02379
"/mnt/c/Users/brkit/Desktop/TCC/midi-mate/Backend/./uploads/midi/single - 832.mid",12.0, 47.0, 0.0, 0.0, 0.5135, 2.059, 5.067, 0.1974, 0.02346
"/mnt/c/Users/brkit/Desktop/TCC/midi-mate/Backend/./uploads/midi/single - 834.mid",8.0, 42.0, 0.0, 0.2, 0.48, 3.952, 3.467, 0.2891, 0.02637
"/mnt/c/Users/brkit/Desktop/TCC/midi-mate/Backend/./uploads/midi/single - 835.mid",7.0, 54.0, 0.0, 0.0, 0.5833, 2.105, 3.067, 0.3261, 0.02757
"/mnt/c/Users/brkit/Desktop/TCC/midi-mate/Backend/./uploads/midi/single - 836.mid",13.0, 56.0, 0.0, 0.06452, 0.4839, 2.857, 4.267, 0.2419, 0.02334
"/mnt/c/Users/brkit/Desktop/TCC/midi-mate/Backend/./uploads/midi/single - 837.mid",7.0, 46.0, 0.0, 0.0, 0.7143, 2.875, 2.667, 0.2972, 0.02879
"/mnt/c/Users/brkit/Desktop/TCC/midi-mate/Backend/./uploads/midi/single - 838.mid",7.0, 44.0, 0.0, 0.0, 0.5, 3.0, 0.9333, 1.071, 0.04891
"/mnt/c/Users/brkit/Desktop/TCC/midi-mate/Backend/./uploads/midi/single - 84.mid",5.0, 72.0, 0.0, 0.09333, 0.6087, 2.38, 5.087, 0.09586, 0.02363
"/mnt/c/Users/brkit/Desktop/TCC/midi-mate/Backend/./uploads/midi/single - 840.mid",10.0, 45.0, 0.0, 0.1667, 0.3077, 2.762, 3.333, 0.2358, 0.02366
"/mnt/c/Users/brkit/Desktop/TCC/midi-mate/Backend/./uploads/midi/single - 841.mid",7.0, 51.0, 0.0, 0.1176, 0.5714, 2.538, 2.4, 0.4102, 0.02993
"/mnt/c/Users/brkit/Desktop/TCC/midi-mate/Backend/./uploads/midi/single - 842.mid",5.0, 53.0, 0.0, 0.2051, 0.6875, 3.657, 5.333, 0.1875, 0.0234
"/mnt/c/Users/brkit/Desktop/TCC/midi-mate/Backend/./uploads/midi/single - 85.mid",12.0, 56.0, 0.0, 0.05085, 0.619, 3.519, 4.024, 0.134, 0.02339
"/mnt/c/Users/brkit/Desktop/TCC/midi-mate/Backend/./uploads/midi/single - 852.mid",7.0, 63.0, 0.0, 0.0, 0.5714, 4.0, 0.5333, 1.875, 0.0
"/mnt/c/Users/brkit/Desktop/TCC/midi-mate/Backend/./uploads/midi/single - 853.mid",9.0, 40.0, 0.0, 0.0, 0.5714, 4.0, 0.5333, 1.875, 0.0
"/mnt/c/Users/brkit/Desktop/TCC/midi-mate/Backend/./uploads/midi/single - 854.mid",10.0, 55.0, 0.0, 0.02564, 0.5, 1.0, 2.667, 0.375, 0.02615
"/mnt/c/Users/brkit/Desktop/TCC/midi-mate/Backend/./uploads/midi/single - 855.mid",8.0, 56.0, 0.0, 0.0, 0.6667, 0.0, 0.5333, 1.875, 0.0
"/mnt/c/Users/brkit/Desktop/TCC/midi-mate/Backend/./uploads/midi/single - 856.mid",7.0, 52.0, 0.0, 0.0, 0.2, 1.279, 3.2, 0.3125, 0.02901
"/mnt/c/Users/brkit/Desktop/TCC/midi-mate/Backend/./uploads/midi/single - 857.mid",9.0, 58.0, 0.0, 0.04651, 0.8, 2.139, 2.933, 0.3409, 0.02532
"/mnt/c/Users/brkit/Desktop/TCC/midi-mate/Backend/./uploads/midi/single - 858.mid",8.0, 43.0, 0.0, 0.02564, 0.2857, 2.286, 2.673, 0.3299, 0.03
"/mnt/c/Users/brkit/Desktop/TCC/midi-mate/Backend/./uploads/midi/single - 859.mid",9.0, 68.0, 0.0, 0.0, 0.6, 1.0, 3.2, 0.2148, 0.02874
"/mnt/c/Users/brkit/Desktop/TCC/midi-mate/Backend/./uploads/midi/single - 86.mid",10.0, 59.0, 0.0, 0.01639, 0.4286, 3.661, 4.165, 0.1188, 0.0298
"/mnt/c/Users/brkit/Desktop/TCC/midi-mate/Backend/./uploads/midi/single - 860.mid",7.0, 28.0, 0.0, 0.0, 0.5, 2.5, 0.3333, 3.0, 0.0
"/mnt/c/Users/brkit/Desktop/TCC/midi-mate/Backend/./uploads/midi/single - 861.mid",10.0, 65.0, 0.0, 0.0, 0.5714, 2.286, 2.667, 0.375, 0.03005
"/mnt/c/Users/brkit/Desktop/TCC/midi-mate/Backend/./uploads/midi/single - 862.mid",11.0, 80.0, 0.0, 0.1579, 0.4737, 4.375, 2.612, 0.1938, 0.02594
"/mnt/c/Users/brkit/Desktop/TCC/midi-mate/Backend/./uploads/midi/single - 868.mid",7.0, 82.0, 0.0, 0.06452, 0.4545, 3.407, 2.15, 0.1172, 0.03676
"/mnt/c/Users/brkit/Desktop/TCC/midi-mate/Backend/./uploads/midi/single - 869.mid",7.0, 65.0, 0.0, 0.0, 0.3333, 1.0, 4.267, 0.2344, 0.03481
"/mnt/c/Users/brkit/Desktop/TCC/midi-mate/Backend/./uploads/midi/single - 87.mid",12.0, 61.0, 0.0, 0.03704, 0.5263, 4.104, 3.692, 0.117, 0.02424
"/mnt/c/Users/brkit/Desktop/TCC/midi-mate/Backend/./uploads/midi/single - 872.mid",8.0, 42.0, 0.0, 0.1111, 0.5333, 3.478, 3.793, 0.1674, 0.02401
"/mnt/c/Users/brkit/Desktop/TCC/midi-mate/Backend/./uploads/midi/single - 873.mid",8.0, 66.0, 0.0, 0.1111, 0.5333, 3.478, 3.733, 0.2344, 0.02401
"/mnt/c/Users/brkit/Desktop/TCC/midi-mate/Backend/./uploads/midi/single - 875.mid",7.0, 46.0, 0.0, 0.1961, 0.5833, 2.889, 3.467, 0.2885, 0.02796
"/mnt/c/Users/brkit/Desktop/TCC/midi-mate/Backend/./uploads/midi/single - 878.mid",9.0, 53.0, 0.0, 0.0, 0.5333, 2.697, 2.667, 0.3305, 0.02409
"/mnt/c/Users/brkit/Desktop/TCC/midi-mate/Backend/./uploads/midi/single - 88.mid",5.0, 66.0, 0.0, 0.1667, 0.5, 2.562, 2.485, 0.1168, 0.02484
"/mnt/c/Users/brkit/Desktop/TCC/midi-mate/Backend/./uploads/midi/single - 883.mid",9.0, 70.0, 0.0, 0.1905, 0.5385, 1.938, 2.98, 0.2456, 0.02535
"/mnt/c/Users/brkit/Desktop/TCC/midi-mate/Backend/./uploads/midi/single - 886.mid",16.0, 62.0, 0.0, 0.0, 0.5128, 2.081, 4.533, 0.1607, 0.0262
"/mnt/c/Users/brkit/Desktop/TCC/midi-mate/Backend/./uploads/midi/single - 89.mid",17.0, 63.0, 0.0, 0.01724, 0.4839, 4.708, 3.968, 0.09468, 0.02329
"/mnt/c/Users/brkit/Desktop/TCC/midi-mate/Backend/./uploads/midi/single - 892.mid",4.0, 57.0, 0.0, 0.5952, 0.6061, 3.05, 6.728, 0.121, 0.02323
"/mnt/c/Users/brkit/Desktop/TCC/midi-mate/Backend/./uploads/midi/single - 893.mid",3.0, 69.0, 0.0, 0.5714, 0.5, 2.167, 3.735, 0.1008, 0.02557
"/mnt/c/Users/brkit/Desktop/TCC/midi-mate/Backend/./uploads/midi/single - 896.mid",10.0, 67.0, 0.0, 0.03226, 0.4516, 3.083, 4.404, 0.1172, 0.02467
"/mnt/c/Users/brkit/Desktop/TCC/midi-mate/Backend/./uploads/midi/single - 899.mid",6.0, 80.0, 0.0, 0.1356, 0.5, 3.607, 4.0, 0.2344, 0.03481
"/mnt/c/Users/brkit/Desktop/TCC/midi-mate/Backend/./uploads/midi/single - 90.mid",13.0, 61.0, 0.0, 0.04255, 0.4706, 2.698, 3.201, 0.1709, 0.02783
"/mnt/c/Users/brkit/Desktop/TCC/midi-mate/Backend/./uploads/midi/single - 904.mid",9.0, 80.0, 0.0, 0.04255, 0.5, 3.05, 3.2, 0.2441, 0.02414
"/mnt/c/Users/brkit/Desktop/TCC/midi-mate/Backend/./uploads/midi/single - 91.mid",10.0, 68.0, 0.0, 0.0, 0.4286, 2.451, 3.898, 0.1056, 0.02483
"/mnt/c/Users/brkit/Desktop/TCC/midi-mate/Backend/./uploads/midi/single - 911.mid",12.0, 84.0, 0.0, 0.1333, 0.4667, 5.0, 1.067, 0.9375, 0.04648
"/mnt/c/Users/brkit/Desktop/TCC/midi-mate/Backend/./uploads/midi/single - 913.mid",24.0, 76.0, 0.0, 0.05128, 0.5714, 3.276, 2.667, 0.3164, 0.0302
"/mnt/c/Users/brkit/Desktop/TCC/midi-mate/Backend/./uploads/midi/single - 914.mid",7.0, 63.0, 0.0, 0.0, 0.3333, 0.0, 0.2667, 3.75, 0.0
"/mnt/c/Users/brkit/Desktop/TCC/midi-mate/Backend/./uploads/midi/single - 917.mid",12.0, 67.0, 0.0, 0.01538, 0.3469, 3.017, 4.4, 0.1172, 0.02448
"/mnt/c/Users/brkit/Desktop/TCC/midi-mate/Backend/./uploads/midi/single - 918.mid",5.0, 52.0, 0.0, 0.0, 1.0, 1.0, 0.2667, 3.75, 0.0
"/mnt/c/Users/brkit/Desktop/TCC/midi-mate/Backend/./uploads/midi/single - 919.mid",17.0, 89.0, 0.0, 0.04255, 0.3871, 3.718, 3.2, 0.2344, 0.03044
"/mnt/c/Users/brkit/Desktop/TCC/midi-mate/Backend/./uploads/midi/single - 92.mid",12.0, 65.0, 0.0, 0.1778, 0.3077, 3.122, 3.091, 0.1123, 0.0235
"/mnt/c/Users/brkit/Desktop/TCC/midi-mate/Backend/./uploads/midi/single - 920.mid",12.0, 65.0, 0.0, 0.0, 0.3404, 4.5, 3.2, 0.2344, 0.02509
"/mnt/c/Users/brkit/Desktop/TCC/midi-mate/Backend/./uploads/midi/single - 927.mid",24.0, 62.0, 0.0, 0.05882, 0.5385, 3.054, 3.522, 0.2344, 0.02424
"/mnt/c/Users/brkit/Desktop/TCC/midi-mate/Backend/./uploads/midi/single - 93.mid",5.0, 59.0, 0.0, 0.1176, 0.375, 3.042, 3.473, 0.08977, 0.02885
"/mnt/c/Users/brkit/Desktop/TCC/midi-mate/Backend/./uploads/midi/single - 930.mid",26.0, 63.0, 0.0, 0.0, 0.5063, 2.75, 5.333, 0.1723, 0.02397
"/mnt/c/Users/brkit/Desktop/TCC/midi-mate/Backend/./uploads/midi/single - 931.mid",10.0, 66.0, 0.0, 0.02439, 0.5556, 3.583, 2.8, 0.3213, 0.02579
"/mnt/c/Users/brkit/Desktop/TCC/midi-mate/Backend/./uploads/midi/single - 933.mid",42.0, 53.0, 0.0, 0.0, 0.5079, 4.188, 8.005, 0.1198, 0.02424
"/mnt/c/Users/brkit/Desktop/TCC/midi-mate/Backend/./uploads/midi/single - 94.mid",7.0, 56.0, 0.0, 0.0, 0.4737, 2.062, 3.619, 0.1034, 0.01824
"/mnt/c/Users/brkit/Desktop/TCC/midi-mate/Backend/./uploads/midi/single - 95.mid",5.0, 61.0, 0.0, 0.0, 0.5, 2.244, 3.095, 0.1159, 0.0238
"/mnt/c/Users/brkit/Desktop/TCC/midi-mate/Backend/./uploads/midi/single - 96.mid",5.0, 56.0, 0.0, 0.01724, 0.5556, 2.13, 3.959, 0.1178, 0.02472
"/mnt/c/Users/brkit/Desktop/TCC/midi-mate/Backend/./uploads/midi/single - 97.mid",8.0, 70.0, 0.0, 0.08163, 0.5405, 4.767, 3.344, 0.1516, 0.02354
"/mnt/c/Users/brkit/Desktop/TCC/midi-mate/Backend/./uploads/midi/single - 978.mid",22.0, 61.0, 0.0, 0.03226, 0.7419, 4.913, 4.125, 0.4874, 0.03484
"/mnt/c/Users/brkit/Desktop/TCC/midi-mate/Backend/./uploads/midi/single - 98.mid",5.0, 66.0, 0.0, 0.02273, 0.5714, 1.125, 3.038, 0.06413, 0.02588
"/mnt/c/Users/brkit/Desktop/TCC/midi-mate/Backend/./uploads/midi/single - 989.mid",24.0, 40.0, 0.0, 0.44, 0.625, 3.556, 3.39, 0.3228, 0.02986
"/mnt/c/Users/brkit/Desktop/TCC/midi-mate/Backend/./uploads/midi/single - 996.mid",33.0, 46.0, 0.0, 0.0, 0.3937, 3.009, 8.0, 0.1206, 0.02422
"/mnt/c/Users/brkit/Desktop/TCC/midi-mate/Backend/./uploads/midi/single - 998.mid",50.0, 50.0, 0.0, 0.007874, 0.4961, 4.433, 8.003, 0.1198, 0.02422
