,Unnamed: 0,Range,Mean_Pitch,Major_or_Minor,Chromatic_Motion,Direction_of_Melodic_Motion,Melodic_Pitch_Variety,Note_Density,Average_Note_Duration,Rhythmic_Variability,cluster
0,/mnt/c/Users/brkit/Desktop/TCC/midi-mate/Backend/./uploads/midi/single - 1000.mid,38.0,47.0,0.0,0.01176,0.6039,3.015,8.0,0.1218,0.02421,2
1,/mnt/c/Users/brkit/Desktop/TCC/midi-mate/Backend/./uploads/midi/single - 1001.mid,38.0,51.0,0.0,0.0,0.0,5.7829999999999995,1.125,1.778,0.045219999999999996,1
2,/mnt/c/Users/brkit/Desktop/TCC/midi-mate/Backend/./uploads/midi/single - 1004.mid,46.0,51.0,0.0,0.0,0.5039,3.908,8.003,0.1198,0.02422,0
3,/mnt/c/Users/brkit/Desktop/TCC/midi-mate/Backend/./uploads/midi/single - 1010.mid,39.0,47.0,0.0,0.0,0.3333,4.133,8.005,0.1198,0.02424,0
4,/mnt/c/Users/brkit/Desktop/TCC/midi-mate/Backend/./uploads/midi/single - 1012.mid,12.0,44.0,0.0,0.3571,0.3846,4.303999999999999,3.8089999999999997,0.2188,0.02452,0
5,/mnt/c/Users/brkit/Desktop/TCC/midi-mate/Backend/./uploads/midi/single - 1014.mid,8.0,50.0,0.0,0.1852,0.5385,2.905,3.675,0.1998,0.02605,2
6,/mnt/c/Users/brkit/Desktop/TCC/midi-mate/Backend/./uploads/midi/single - 1015.mid,13.0,48.0,0.0,0.2188,0.4348,6.28,4.4030000000000005,0.1478,0.01996,0
7,/mnt/c/Users/brkit/Desktop/TCC/midi-mate/Backend/./uploads/midi/single - 1016.mid,10.0,49.0,0.0,0.32,0.2667,3.5239999999999996,3.415,0.1965,0.0261,0
8,/mnt/c/Users/brkit/Desktop/TCC/midi-mate/Backend/./uploads/midi/single - 1018.mid,10.0,45.0,0.0,0.1429,0.6,3.812,2.888,0.2273,0.02758,0
9,/mnt/c/Users/brkit/Desktop/TCC/midi-mate/Backend/./uploads/midi/single - 102.mid,7.0,65.0,0.0,0.1731,0.5,2.872,3.533,0.1168,0.02435,2
10,/mnt/c/Users/brkit/Desktop/TCC/midi-mate/Backend/./uploads/midi/single - 1020.mid,8.0,52.0,0.0,0.1111,0.75,3.87,3.6889999999999996,0.1821,0.02305,0
11,/mnt/c/Users/brkit/Desktop/TCC/midi-mate/Backend/./uploads/midi/single - 1022.mid,8.0,50.0,0.0,0.1818,0.5294,2.7239999999999998,4.5360000000000005,0.1911,0.028439999999999997,2
12,/mnt/c/Users/brkit/Desktop/TCC/midi-mate/Backend/./uploads/midi/single - 1026.mid,13.0,47.0,0.0,0.36,0.4118,2.667,3.415,0.22399999999999998,0.02598,2
13,/mnt/c/Users/brkit/Desktop/TCC/midi-mate/Backend/./uploads/midi/single - 1027.mid,8.0,64.0,0.0,0.2143,0.4375,3.583,3.8089999999999997,0.2208,0.02617,0
14,/mnt/c/Users/brkit/Desktop/TCC/midi-mate/Backend/./uploads/midi/single - 103.mid,12.0,55.0,0.0,0.0,0.5263,4.638999999999999,5.175,0.1302,0.02325,0
15,/mnt/c/Users/brkit/Desktop/TCC/midi-mate/Backend/./uploads/midi/single - 1030.mid,12.0,48.0,0.0,0.1538,0.6364,4.571000000000001,3.68,0.2331,0.03489,0
16,/mnt/c/Users/brkit/Desktop/TCC/midi-mate/Backend/./uploads/midi/single - 1033.mid,8.0,50.0,0.0,0.25,0.1667,4.188,2.758,0.2275,0.031089999999999996,0
17,/mnt/c/Users/brkit/Desktop/TCC/midi-mate/Backend/./uploads/midi/single - 1034.mid,10.0,50.0,0.0,0.4583,0.3889,4.632,3.283,0.2046,0.02468,0
18,/mnt/c/Users/brkit/Desktop/TCC/midi-mate/Backend/./uploads/midi/single - 1035.mid,10.0,47.0,0.0,0.2143,0.3333,3.667,3.9530000000000003,0.2034,0.02568,0
19,/mnt/c/Users/brkit/Desktop/TCC/midi-mate/Backend/./uploads/midi/single - 1036.mid,10.0,51.0,0.0,0.2609,0.5385,3.944,3.1519999999999997,0.2232,0.02528,0
20,/mnt/c/Users/brkit/Desktop/TCC/midi-mate/Backend/./uploads/midi/single - 1038.mid,17.0,59.0,0.0,0.0,0.5333,3.091,2.133,0.4688,0.04529,1
21,/mnt/c/Users/brkit/Desktop/TCC/midi-mate/Backend/./uploads/midi/single - 104.mid,6.0,69.0,0.0,0.0339,0.5208,3.036,4.035,0.1042,0.02343,2
22,/mnt/c/Users/brkit/Desktop/TCC/midi-mate/Backend/./uploads/midi/single - 1041.mid,12.0,62.0,0.0,0.0,0.4545,3.115,4.687,0.1382,0.030760000000000003,2
23,/mnt/c/Users/brkit/Desktop/TCC/midi-mate/Backend/./uploads/midi/single - 1042.mid,12.0,74.0,0.0,0.0,0.4545,3.115,4.687,0.1382,0.030760000000000003,2
24,/mnt/c/Users/brkit/Desktop/TCC/midi-mate/Backend/./uploads/midi/single - 105.mid,40.0,50.0,0.0,0.029410000000000002,0.2647,7.968999999999999,3.0,0.6667,0.03567,0
25,/mnt/c/Users/brkit/Desktop/TCC/midi-mate/Backend/./uploads/midi/single - 106.mid,43.0,51.0,0.0,0.0,0.3333,3.833,4.002,0.2344,0.0348,0
26,/mnt/c/Users/brkit/Desktop/TCC/midi-mate/Backend/./uploads/midi/single - 107.mid,43.0,50.0,0.0,0.0,0.6561,3.949,8.095,0.1198,0.02421,0
27,/mnt/c/Users/brkit/Desktop/TCC/midi-mate/Backend/./uploads/midi/single - 110.mid,41.0,53.0,0.0,0.0,0.3333,3.9560000000000004,8.005,0.1198,0.02424,0
28,/mnt/c/Users/brkit/Desktop/TCC/midi-mate/Backend/./uploads/midi/single - 112.mid,41.0,49.0,0.0,0.0,0.3333,3.991,8.001,0.1198,0.02421,0
29,/mnt/c/Users/brkit/Desktop/TCC/midi-mate/Backend/./uploads/midi/single - 114.mid,29.0,56.0,0.0,0.0,0.3333,3.995,8.0,0.125,0.02421,0
30,/mnt/c/Users/brkit/Desktop/TCC/midi-mate/Backend/./uploads/midi/single - 115.mid,8.0,34.0,0.0,0.0,0.5,4.0,0.3125,3.2,0.0,0
31,/mnt/c/Users/brkit/Desktop/TCC/midi-mate/Backend/./uploads/midi/single - 116.mid,26.0,55.0,0.0,0.0,0.381,3.75,8.005,0.1198,0.02424,0
32,/mnt/c/Users/brkit/Desktop/TCC/midi-mate/Backend/./uploads/midi/single - 1173.mid,17.0,61.0,0.0,0.0,0.4,3.0,0.7505,1.807,0.03903,2
33,/mnt/c/Users/brkit/Desktop/TCC/midi-mate/Backend/./uploads/midi/single - 1174.mid,46.0,53.0,0.0,0.0,0.3333,3.963,8.001,0.1198,0.02421,0
34,/mnt/c/Users/brkit/Desktop/TCC/midi-mate/Backend/./uploads/midi/single - 118.mid,26.0,62.0,0.0,0.0,0.3451,3.0039999999999996,8.001,0.1233,0.01872,2
35,/mnt/c/Users/brkit/Desktop/TCC/midi-mate/Backend/./uploads/midi/single - 119.mid,7.0,38.0,0.0,0.0,0.6667,3.833,0.3125,3.2,0.07881,1
36,/mnt/c/Users/brkit/Desktop/TCC/midi-mate/Backend/./uploads/midi/single - 120.mid,27.0,51.0,0.0,0.0,0.3333,4.18,8.005,0.1198,0.02424,0
37,/mnt/c/Users/brkit/Desktop/TCC/midi-mate/Backend/./uploads/midi/single - 121.mid,27.0,52.0,0.0,0.0,0.0,1.455,3.0,1.3330000000000002,0.043289999999999995,1
38,/mnt/c/Users/brkit/Desktop/TCC/midi-mate/Backend/./uploads/midi/single - 124.mid,15.0,79.0,0.0,0.005464,0.3497,4.047,14.38,0.06957,0.01491,0
39,/mnt/c/Users/brkit/Desktop/TCC/midi-mate/Backend/./uploads/midi/single - 125.mid,2.0,53.0,0.0,0.3191,0.6522,2.867,3.1180000000000003,0.1552,0.02845,2
40,/mnt/c/Users/brkit/Desktop/TCC/midi-mate/Backend/./uploads/midi/single - 126.mid,10.0,56.0,0.0,0.0,0.3333,2.911,3.1210000000000004,0.2812,0.02603,2
41,/mnt/c/Users/brkit/Desktop/TCC/midi-mate/Backend/./uploads/midi/single - 127.mid,0.0,54.0,0.0,0.0,0.0,1.0,2.0669999999999997,0.2193,0.041139999999999996,2
42,/mnt/c/Users/brkit/Desktop/TCC/midi-mate/Backend/./uploads/midi/single - 128.mid,5.0,49.0,0.0,0.0,0.5333,1.955,3.1830000000000003,0.266,0.03455,2
43,/mnt/c/Users/brkit/Desktop/TCC/midi-mate/Backend/./uploads/midi/single - 129.mid,1.0,57.0,0.0,0.3077,0.5,1.75,1.835,0.34600000000000003,0.02737,2
44,/mnt/c/Users/brkit/Desktop/TCC/midi-mate/Backend/./uploads/midi/single - 130.mid,8.0,67.0,0.0,0.0,0.3636,3.0,1.601,0.5268,0.0403,1
45,/mnt/c/Users/brkit/Desktop/TCC/midi-mate/Backend/./uploads/midi/single - 131.mid,8.0,45.0,0.0,0.0,0.5714,1.8330000000000002,2.674,0.2755,0.02528,2
46,/mnt/c/Users/brkit/Desktop/TCC/midi-mate/Backend/./uploads/midi/single - 132.mid,9.0,56.0,0.0,0.0,0.6364,2.846,2.0869999999999997,0.4375,0.03096,2
47,/mnt/c/Users/brkit/Desktop/TCC/midi-mate/Backend/./uploads/midi/single - 133.mid,3.0,56.0,0.0,0.0,0.5217,2.0,3.1510000000000002,0.3243,0.03308,2
48,/mnt/c/Users/brkit/Desktop/TCC/midi-mate/Backend/./uploads/midi/single - 134.mid,10.0,56.0,0.0,0.0,0.3333,2.911,3.1210000000000004,0.2812,0.02603,2
49,/mnt/c/Users/brkit/Desktop/TCC/midi-mate/Backend/./uploads/midi/single - 135.mid,0.0,54.0,0.0,0.0,0.0,1.0,2.0669999999999997,0.2193,0.041139999999999996,2
50,/mnt/c/Users/brkit/Desktop/TCC/midi-mate/Backend/./uploads/midi/single - 136.mid,1.0,45.0,0.0,0.4839,0.5333,1.933,2.083,0.23800000000000002,0.0239,2
51,/mnt/c/Users/brkit/Desktop/TCC/midi-mate/Backend/./uploads/midi/single - 137.mid,7.0,65.0,0.0,0.3043,0.3478,3.0,1.578,0.4694,0.04835,1
52,/mnt/c/Users/brkit/Desktop/TCC/midi-mate/Backend/./uploads/midi/single - 138.mid,40.0,48.0,0.0,0.0,0.4094,2.9360000000000004,8.0,0.12,0.02422,2
53,/mnt/c/Users/brkit/Desktop/TCC/midi-mate/Backend/./uploads/midi/single - 14.mid,10.0,65.0,0.0,0.2,0.4516,3.7030000000000003,3.115,0.1172,0.025490000000000002,0
54,/mnt/c/Users/brkit/Desktop/TCC/midi-mate/Backend/./uploads/midi/single - 140.mid,0.0,50.0,0.0,0.0,0.0,1.0,2.261,0.09615,0.04891,1
55,/mnt/c/Users/brkit/Desktop/TCC/midi-mate/Backend/./uploads/midi/single - 141.mid,7.0,43.0,0.0,0.0,0.4286,2.833,2.945,0.2903,0.03503,2
56,/mnt/c/Users/brkit/Desktop/TCC/midi-mate/Backend/./uploads/midi/single - 142.mid,4.0,42.0,0.0,0.0,0.5,3.0,1.6,0.5273,0.04553,1
57,/mnt/c/Users/brkit/Desktop/TCC/midi-mate/Backend/./uploads/midi/single - 143.mid,13.0,44.0,0.0,0.08333,0.5833,4.333,0.8647,1.17,0.03937,0
58,/mnt/c/Users/brkit/Desktop/TCC/midi-mate/Backend/./uploads/midi/single - 144.mid,7.0,58.0,0.0,0.0,0.5,2.0,0.625,1.6,0.07881,1
59,/mnt/c/Users/brkit/Desktop/TCC/midi-mate/Backend/./uploads/midi/single - 145.mid,15.0,56.0,0.0,0.0,0.4615,2.0,2.9989999999999997,0.2344,0.027360000000000002,2
60,/mnt/c/Users/brkit/Desktop/TCC/midi-mate/Backend/./uploads/midi/single - 146.mid,15.0,56.0,0.0,0.0,0.4615,2.0,2.9989999999999997,0.2344,0.027360000000000002,2
61,/mnt/c/Users/brkit/Desktop/TCC/midi-mate/Backend/./uploads/midi/single - 147.mid,4.0,43.0,0.0,0.0,0.4286,1.423,2.375,0.25,0.032560000000000006,2
62,/mnt/c/Users/brkit/Desktop/TCC/midi-mate/Backend/./uploads/midi/single - 148.mid,15.0,58.0,0.0,0.0303,0.4783,3.9619999999999997,4.387,0.1912,0.02748,0
63,/mnt/c/Users/brkit/Desktop/TCC/midi-mate/Backend/./uploads/midi/single - 149.mid,22.0,59.0,0.0,0.0339,0.9091,1.286,7.505,0.1031,0.02425,2
64,/mnt/c/Users/brkit/Desktop/TCC/midi-mate/Backend/./uploads/midi/single - 15.mid,10.0,65.0,0.0,0.0,0.4571,3.75,3.36,0.1154,0.02291,0
65,/mnt/c/Users/brkit/Desktop/TCC/midi-mate/Backend/./uploads/midi/single - 150.mid,15.0,58.0,0.0,0.058820000000000004,0.09091,3.037,4.375,0.1412,0.025240000000000002,2
66,/mnt/c/Users/brkit/Desktop/TCC/midi-mate/Backend/./uploads/midi/single - 151.mid,7.0,65.0,0.0,0.025639999999999996,0.5556,1.125,2.5,0.125,0.027589999999999996,2
67,/mnt/c/Users/brkit/Desktop/TCC/midi-mate/Backend/./uploads/midi/single - 152.mid,15.0,58.0,0.0,0.058820000000000004,0.09091,3.037,4.375,0.1412,0.025240000000000002,2
68,/mnt/c/Users/brkit/Desktop/TCC/midi-mate/Backend/./uploads/midi/single - 16.mid,5.0,52.0,0.0,0.02083,0.2857,1.071,3.285,0.1085,0.016909999999999998,2
69,/mnt/c/Users/brkit/Desktop/TCC/midi-mate/Backend/./uploads/midi/single - 161.mid,36.0,45.0,0.0,0.0,0.4078,2.927,8.0,0.12,0.02421,2
70,/mnt/c/Users/brkit/Desktop/TCC/midi-mate/Backend/./uploads/midi/single - 163.mid,8.0,32.0,0.0,0.1667,0.6667,2.0,0.2625,1.035,0.05625,1
71,/mnt/c/Users/brkit/Desktop/TCC/midi-mate/Backend/./uploads/midi/single - 165.mid,7.0,40.0,0.0,0.08511,0.7333,2.9760000000000004,1.26,0.3135,0.02561,2
72,/mnt/c/Users/brkit/Desktop/TCC/midi-mate/Backend/./uploads/midi/single - 166.mid,7.0,40.0,0.0,0.2857,0.7143,4.0,0.21,0.9484,0.05604,1
73,/mnt/c/Users/brkit/Desktop/TCC/midi-mate/Backend/./uploads/midi/single - 17.mid,5.0,64.0,0.0,0.1702,0.5769,3.659,3.2260000000000004,0.1172,0.02002,0
74,/mnt/c/Users/brkit/Desktop/TCC/midi-mate/Backend/./uploads/midi/single - 170.mid,5.0,59.0,0.0,0.0,0.5,1.0,0.375,0.2034,0.02986,2
75,/mnt/c/Users/brkit/Desktop/TCC/midi-mate/Backend/./uploads/midi/single - 173.mid,5.0,59.0,0.0,0.0,0.5,1.0,0.375,0.2034,0.02984,2
76,/mnt/c/Users/brkit/Desktop/TCC/midi-mate/Backend/./uploads/midi/single - 18.mid,16.0,59.0,0.0,0.07143,0.5714,4.913,3.801,0.1509,0.024419999999999997,0
77,/mnt/c/Users/brkit/Desktop/TCC/midi-mate/Backend/./uploads/midi/single - 180.mid,24.0,47.0,0.0,0.0,1.0,1.0,0.3375,0.2116,0.02998,2
78,/mnt/c/Users/brkit/Desktop/TCC/midi-mate/Backend/./uploads/midi/single - 182.mid,2.0,67.0,0.0,0.0,0.3333,1.538,0.2188,0.1505,0.02766,2
79,/mnt/c/Users/brkit/Desktop/TCC/midi-mate/Backend/./uploads/midi/single - 183.mid,48.0,48.0,0.0,0.0,0.3451,4.791,8.5,0.1196,0.01993,0
80,/mnt/c/Users/brkit/Desktop/TCC/midi-mate/Backend/./uploads/midi/single - 186.mid,39.0,62.0,0.0,0.0,0.3307,3.885,8.003,0.1198,0.02422,0
81,/mnt/c/Users/brkit/Desktop/TCC/midi-mate/Backend/./uploads/midi/single - 188.mid,31.0,48.0,0.0,0.0,0.3333,4.026,8.005,0.1198,0.02424,0
82,/mnt/c/Users/brkit/Desktop/TCC/midi-mate/Backend/./uploads/midi/single - 19.mid,5.0,53.0,0.0,0.7468,0.5,2.36,5.379,0.1457,0.02327,2
83,/mnt/c/Users/brkit/Desktop/TCC/midi-mate/Backend/./uploads/midi/single - 190.mid,33.0,47.0,0.0,0.0,0.3291,3.952,8.004,0.1198,0.02423,0
84,/mnt/c/Users/brkit/Desktop/TCC/midi-mate/Backend/./uploads/midi/single - 20.mid,7.0,58.0,0.0,0.2439,0.56,4.371,2.8110000000000004,0.1463,0.02471,0
85,/mnt/c/Users/brkit/Desktop/TCC/midi-mate/Backend/./uploads/midi/single - 21.mid,10.0,68.0,0.0,0.102,0.3636,4.024,3.3360000000000003,0.2187,0.024980000000000002,0
86,/mnt/c/Users/brkit/Desktop/TCC/midi-mate/Backend/./uploads/midi/single - 22.mid,10.0,52.0,0.0,0.0,0.5217,2.155,4.2780000000000005,0.1343,0.028919999999999998,2
87,/mnt/c/Users/brkit/Desktop/TCC/midi-mate/Backend/./uploads/midi/single - 23.mid,46.0,50.0,0.0,0.0,0.3636,3.182,3.8,0.2508,0.0259,2
88,/mnt/c/Users/brkit/Desktop/TCC/midi-mate/Backend/./uploads/midi/single - 24.mid,20.0,56.0,0.0,0.5102,0.6087,3.9760000000000004,3.36,0.1325,0.03007,0
89,/mnt/c/Users/brkit/Desktop/TCC/midi-mate/Backend/./uploads/midi/single - 25.mid,9.0,54.0,0.0,0.07407000000000001,0.7143,2.362,3.667,0.1408,0.02393,2
90,/mnt/c/Users/brkit/Desktop/TCC/midi-mate/Backend/./uploads/midi/single - 26.mid,10.0,61.0,0.0,0.1017,0.5417,3.8,4.031000000000001,0.1465,0.02415,0
91,/mnt/c/Users/brkit/Desktop/TCC/midi-mate/Backend/./uploads/midi/single - 27.mid,3.0,56.0,0.0,0.018869999999999998,0.5556,2.04,3.6039999999999996,0.1516,0.02317,2
92,/mnt/c/Users/brkit/Desktop/TCC/midi-mate/Backend/./uploads/midi/single - 28.mid,10.0,60.0,0.0,0.04082,0.5161,3.778,3.341,0.1583,0.02497,0
93,/mnt/c/Users/brkit/Desktop/TCC/midi-mate/Backend/./uploads/midi/single - 29.mid,1.0,50.0,0.0,0.2439,0.5,1.825,2.822,0.1562,0.026430000000000002,2
94,/mnt/c/Users/brkit/Desktop/TCC/midi-mate/Backend/./uploads/midi/single - 294.mid,19.0,65.0,0.0,0.1481,0.6522,4.0,3.625,0.1034,0.01796,0
95,/mnt/c/Users/brkit/Desktop/TCC/midi-mate/Backend/./uploads/midi/single - 295.mid,9.0,68.0,0.0,0.3825,0.4317,4.834,2.955,0.1316,0.02136,0
96,/mnt/c/Users/brkit/Desktop/TCC/midi-mate/Backend/./uploads/midi/single - 296.mid,19.0,70.0,0.0,0.0,0.4959,4.632,4.016,0.125,0.0348,0
97,/mnt/c/Users/brkit/Desktop/TCC/midi-mate/Backend/./uploads/midi/single - 297.mid,39.0,60.0,0.0,0.047060000000000005,0.5804,5.184,8.0,0.125,0.02421,0
98,/mnt/c/Users/brkit/Desktop/TCC/midi-mate/Backend/./uploads/midi/single - 298.mid,53.0,63.0,0.0,0.035,0.635,6.207000000000001,6.281000000000001,0.1312,0.02423,0
99,/mnt/c/Users/brkit/Desktop/TCC/midi-mate/Backend/./uploads/midi/single - 30.mid,5.0,53.0,0.0,0.2558,0.4286,2.923,2.946,0.2092,0.023819999999999997,2
100,/mnt/c/Users/brkit/Desktop/TCC/midi-mate/Backend/./uploads/midi/single - 31.mid,3.0,54.0,0.0,0.33799999999999997,0.5161,2.03,4.811,0.1147,0.02326,2
101,/mnt/c/Users/brkit/Desktop/TCC/midi-mate/Backend/./uploads/midi/single - 311.mid,46.0,62.0,0.0,0.0,0.7619,9.344,4.0,0.25,0.03481,0
102,/mnt/c/Users/brkit/Desktop/TCC/midi-mate/Backend/./uploads/midi/single - 32.mid,1.0,57.0,0.0,0.15,0.4444,1.983,4.084,0.1149,0.02445,2
103,/mnt/c/Users/brkit/Desktop/TCC/midi-mate/Backend/./uploads/midi/single - 328.mid,35.0,51.0,0.0,0.0,0.4921,3.968,8.003,0.1198,0.02422,0
104,/mnt/c/Users/brkit/Desktop/TCC/midi-mate/Backend/./uploads/midi/single - 33.mid,24.0,62.0,0.0,0.1404,0.3265,3.766,3.8689999999999998,0.1268,0.02428,0
105,/mnt/c/Users/brkit/Desktop/TCC/midi-mate/Backend/./uploads/midi/single - 330.mid,19.0,79.0,0.0,0.1463,0.4483,3.375,5.626,0.1278,0.014519999999999998,0
106,/mnt/c/Users/brkit/Desktop/TCC/midi-mate/Backend/./uploads/midi/single - 334.mid,15.0,54.0,0.0,0.02128,0.5652,4.103,3.199,0.2539,0.030310000000000004,0
107,/mnt/c/Users/brkit/Desktop/TCC/midi-mate/Backend/./uploads/midi/single - 339.mid,24.0,48.0,0.0,0.0,0.3307,3.89,8.003,0.1198,0.02422,0
108,/mnt/c/Users/brkit/Desktop/TCC/midi-mate/Backend/./uploads/midi/single - 34.mid,11.0,47.0,0.0,0.1429,0.4444,5.5360000000000005,4.418,0.1114,0.02758,0
109,/mnt/c/Users/brkit/Desktop/TCC/midi-mate/Backend/./uploads/midi/single - 341.mid,26.0,53.0,0.0,0.0,0.3333,3.9739999999999998,8.001,0.1198,0.02421,0
110,/mnt/c/Users/brkit/Desktop/TCC/midi-mate/Backend/./uploads/midi/single - 345.mid,34.0,59.0,0.0,0.0,0.3386,4.0,8.003,0.1198,0.02422,0
111,/mnt/c/Users/brkit/Desktop/TCC/midi-mate/Backend/./uploads/midi/single - 347.mid,12.0,62.0,0.0,0.3333,0.8333,2.0,0.875,0.6786,0.062189999999999995,1
112,/mnt/c/Users/brkit/Desktop/TCC/midi-mate/Backend/./uploads/midi/single - 348.mid,43.0,52.0,0.0,0.0,0.3707,3.432,8.003,0.1198,0.02422,0
113,/mnt/c/Users/brkit/Desktop/TCC/midi-mate/Backend/./uploads/midi/single - 35.mid,22.0,66.0,0.0,0.06348999999999999,0.5079,6.358,4.303,0.1074,0.03481,0
114,/mnt/c/Users/brkit/Desktop/TCC/midi-mate/Backend/./uploads/midi/single - 350.mid,0.0,41.0,0.0,0.0,0.0,1.0,3.516,0.2493,0.024669999999999997,2
115,/mnt/c/Users/brkit/Desktop/TCC/midi-mate/Backend/./uploads/midi/single - 351.mid,0.0,45.0,0.0,0.0,0.0,1.0,4.633,0.136,0.02505,2
116,/mnt/c/Users/brkit/Desktop/TCC/midi-mate/Backend/./uploads/midi/single - 352.mid,0.0,57.0,0.0,0.0,0.0,1.0,4.163,0.1836,0.02775,2
117,/mnt/c/Users/brkit/Desktop/TCC/midi-mate/Backend/./uploads/midi/single - 353.mid,1.0,63.0,0.0,0.3721,0.5,1.905,5.529,0.1402,0.02441,2
118,/mnt/c/Users/brkit/Desktop/TCC/midi-mate/Backend/./uploads/midi/single - 354.mid,0.0,43.0,0.0,0.0,0.0,1.0,3.25,0.2422,0.02804,2
119,/mnt/c/Users/brkit/Desktop/TCC/midi-mate/Backend/./uploads/midi/single - 355.mid,0.0,42.0,0.0,0.0,0.0,1.0,3.6830000000000003,0.125,0.02521,2
120,/mnt/c/Users/brkit/Desktop/TCC/midi-mate/Backend/./uploads/midi/single - 356.mid,1.0,66.0,0.0,0.0625,0.5,1.032,4.19,0.125,0.027089999999999996,2
121,/mnt/c/Users/brkit/Desktop/TCC/midi-mate/Backend/./uploads/midi/single - 357.mid,0.0,51.0,0.0,0.0,0.0,1.0,1.75,0.3214,0.03557,2
122,/mnt/c/Users/brkit/Desktop/TCC/midi-mate/Backend/./uploads/midi/single - 358.mid,5.0,55.0,0.0,0.04,0.5,1.591,3.25,0.3077,0.026869999999999998,2
123,/mnt/c/Users/brkit/Desktop/TCC/midi-mate/Backend/./uploads/midi/single - 359.mid,14.0,56.0,0.0,0.07547000000000001,0.5333,1.479,3.375,0.3056,0.027989999999999998,2
124,/mnt/c/Users/brkit/Desktop/TCC/midi-mate/Backend/./uploads/midi/single - 36.mid,3.0,46.0,0.0,0.027030000000000002,0.4615,1.75,2.6719999999999997,0.2463,0.03586,2
125,/mnt/c/Users/brkit/Desktop/TCC/midi-mate/Backend/./uploads/midi/single - 360.mid,0.0,55.0,0.0,0.0,0.0,1.0,3.25,0.1234,0.02309,2
126,/mnt/c/Users/brkit/Desktop/TCC/midi-mate/Backend/./uploads/midi/single - 361.mid,0.0,54.0,0.0,0.0,0.0,1.0,3.625,0.2414,0.02062,2
127,/mnt/c/Users/brkit/Desktop/TCC/midi-mate/Backend/./uploads/midi/single - 362.mid,0.0,60.0,0.0,0.0,0.0,1.0,3.306,0.1987,0.03487,2
128,/mnt/c/Users/brkit/Desktop/TCC/midi-mate/Backend/./uploads/midi/single - 363.mid,0.0,65.0,0.0,0.0,0.0,1.0,4.0760000000000005,0.1372,0.026489999999999996,2
129,/mnt/c/Users/brkit/Desktop/TCC/midi-mate/Backend/./uploads/midi/single - 364.mid,0.0,43.0,0.0,0.0,0.0,1.0,3.983,0.1749,0.024569999999999998,2
130,/mnt/c/Users/brkit/Desktop/TCC/midi-mate/Backend/./uploads/midi/single - 365.mid,0.0,67.0,0.0,0.0,0.0,1.0,2.7939999999999996,0.2386,0.0295,2
131,/mnt/c/Users/brkit/Desktop/TCC/midi-mate/Backend/./uploads/midi/single - 366.mid,0.0,39.0,0.0,0.0,0.0,1.0,5.277,0.131,0.0245,2
132,/mnt/c/Users/brkit/Desktop/TCC/midi-mate/Backend/./uploads/midi/single - 367.mid,0.0,69.0,0.0,0.0,0.0,1.0,3.75,0.2,0.02595,2
133,/mnt/c/Users/brkit/Desktop/TCC/midi-mate/Backend/./uploads/midi/single - 368.mid,0.0,48.0,0.0,0.0,0.0,1.0,3.25,0.2019,0.02493,2
134,/mnt/c/Users/brkit/Desktop/TCC/midi-mate/Backend/./uploads/midi/single - 369.mid,0.0,55.0,0.0,0.0,0.0,1.0,4.063,0.1875,0.0261,2
135,/mnt/c/Users/brkit/Desktop/TCC/midi-mate/Backend/./uploads/midi/single - 37.mid,9.0,63.0,0.0,0.1304,0.3889,4.8,3.135,0.1124,0.0215,0
136,/mnt/c/Users/brkit/Desktop/TCC/midi-mate/Backend/./uploads/midi/single - 370.mid,46.0,47.0,0.0,0.0,0.3333,3.958,8.001,0.1198,0.02421,0
137,/mnt/c/Users/brkit/Desktop/TCC/midi-mate/Backend/./uploads/midi/single - 371.mid,46.0,54.0,0.0,0.15,0.15,4.75,1.8119999999999998,2.22,0.04518,1
138,/mnt/c/Users/brkit/Desktop/TCC/midi-mate/Backend/./uploads/midi/single - 38.mid,17.0,62.0,0.0,0.1186,0.4074,4.273,4.013,0.1074,0.021519999999999997,0
139,/mnt/c/Users/brkit/Desktop/TCC/midi-mate/Backend/./uploads/midi/single - 389.mid,27.0,53.0,0.0,0.0,0.6383,5.0,6.506,0.1123,0.02352,0
140,/mnt/c/Users/brkit/Desktop/TCC/midi-mate/Backend/./uploads/midi/single - 39.mid,3.0,41.0,0.0,0.01205,0.5385,1.633,5.617999999999999,0.07422999999999999,0.027280000000000002,2
141,/mnt/c/Users/brkit/Desktop/TCC/midi-mate/Backend/./uploads/midi/single - 398.mid,40.0,51.0,0.0,0.0,0.4706,4.146,8.337,0.1728,0.02611,0
142,/mnt/c/Users/brkit/Desktop/TCC/midi-mate/Backend/./uploads/midi/single - 40.mid,24.0,47.0,0.0,0.02985,0.4255,4.73,5.899,0.08567000000000001,0.02837,0
143,/mnt/c/Users/brkit/Desktop/TCC/midi-mate/Backend/./uploads/midi/single - 408.mid,23.0,57.0,0.0,0.0,0.46,4.707,6.938,0.1213,0.0231,0
144,/mnt/c/Users/brkit/Desktop/TCC/midi-mate/Backend/./uploads/midi/single - 41.mid,5.0,56.0,0.0,0.1935,0.4074,3.614,4.223,0.1135,0.01693,0
145,/mnt/c/Users/brkit/Desktop/TCC/midi-mate/Backend/./uploads/midi/single - 418.mid,26.0,49.0,0.0,0.0,0.5079,4.8,8.561,0.09277,0.02305,0
146,/mnt/c/Users/brkit/Desktop/TCC/midi-mate/Backend/./uploads/midi/single - 42.mid,20.0,63.0,0.0,0.05127999999999999,0.5926,5.778,2.661,0.2677,0.025830000000000002,0
147,/mnt/c/Users/brkit/Desktop/TCC/midi-mate/Backend/./uploads/midi/single - 421.mid,22.0,57.0,0.0,0.1034,0.3333,6.474,4.003,0.16699999999999998,0.03486,0
148,/mnt/c/Users/brkit/Desktop/TCC/midi-mate/Backend/./uploads/midi/single - 43.mid,1.0,56.0,0.0,0.3016,0.5263,1.903,4.303,0.1074,0.024130000000000002,2
149,/mnt/c/Users/brkit/Desktop/TCC/midi-mate/Backend/./uploads/midi/single - 44.mid,5.0,58.0,0.0,0.1778,0.4667,3.073,3.0669999999999997,0.135,0.02408,2
150,/mnt/c/Users/brkit/Desktop/TCC/midi-mate/Backend/./uploads/midi/single - 45.mid,17.0,54.0,0.0,0.06667000000000001,0.44,2.468,5.832000000000001,0.09569,0.02893,2
151,/mnt/c/Users/brkit/Desktop/TCC/midi-mate/Backend/./uploads/midi/single - 46.mid,26.0,54.0,0.0,0.2063,0.4242,4.148,4.295,0.1086,0.02387,0
152,/mnt/c/Users/brkit/Desktop/TCC/midi-mate/Backend/./uploads/midi/single - 460.mid,12.0,42.0,0.0,0.07407000000000001,0.3478,4.476,3.733,0.2344,0.03492,0
153,/mnt/c/Users/brkit/Desktop/TCC/midi-mate/Backend/./uploads/midi/single - 465.mid,23.0,60.0,0.0,0.127,0.5,2.9810000000000003,8.539,0.1123,0.02305,2
154,/mnt/c/Users/brkit/Desktop/TCC/midi-mate/Backend/./uploads/midi/single - 468.mid,29.0,61.0,0.0,0.0,0.6614,3.054,8.0,0.125,0.02422,2
155,/mnt/c/Users/brkit/Desktop/TCC/midi-mate/Backend/./uploads/midi/single - 47.mid,12.0,59.0,0.0,0.0,0.5,2.237,5.899,0.09322000000000001,0.02725,2
156,/mnt/c/Users/brkit/Desktop/TCC/midi-mate/Backend/./uploads/midi/single - 470.mid,46.0,55.0,0.0,0.0,0.5039,3.906,8.003,0.1198,0.02422,0
157,/mnt/c/Users/brkit/Desktop/TCC/midi-mate/Backend/./uploads/midi/single - 473.mid,8.0,43.0,0.0,0.3226,0.2353,5.542000000000001,4.0,0.2515,0.02804,0
158,/mnt/c/Users/brkit/Desktop/TCC/midi-mate/Backend/./uploads/midi/single - 474.mid,10.0,58.0,0.0,0.2105,0.6923,3.6,1.251,0.1729,0.0271,0
159,/mnt/c/Users/brkit/Desktop/TCC/midi-mate/Backend/./uploads/midi/single - 475.mid,0.0,57.0,0.0,0.0,0.0,1.0,2.5810000000000004,0.125,0.02611,2
160,/mnt/c/Users/brkit/Desktop/TCC/midi-mate/Backend/./uploads/midi/single - 478.mid,4.0,42.0,0.0,0.68,0.68,3.238,3.25,0.3077,0.035,2
161,/mnt/c/Users/brkit/Desktop/TCC/midi-mate/Backend/./uploads/midi/single - 479.mid,29.0,49.0,0.0,0.0,0.6,5.0,3.0,0.3333,0.02725,0
162,/mnt/c/Users/brkit/Desktop/TCC/midi-mate/Backend/./uploads/midi/single - 48.mid,3.0,53.0,0.0,0.2308,0.2941,3.408,3.554,0.132,0.03173,0
163,/mnt/c/Users/brkit/Desktop/TCC/midi-mate/Backend/./uploads/midi/single - 480.mid,17.0,40.0,0.0,0.09302,0.4884,4.938,2.875,0.3476,0.02876,0
164,/mnt/c/Users/brkit/Desktop/TCC/midi-mate/Backend/./uploads/midi/single - 481.mid,15.0,54.0,0.0,0.1538,0.6154,3.3,3.5,0.2857,0.026889999999999997,2
165,/mnt/c/Users/brkit/Desktop/TCC/midi-mate/Backend/./uploads/midi/single - 482.mid,10.0,55.0,0.0,0.4615,0.6667,3.444,1.75,0.5714,0.03853,0
166,/mnt/c/Users/brkit/Desktop/TCC/midi-mate/Backend/./uploads/midi/single - 483.mid,8.0,54.0,0.0,0.03175,0.3333,1.0,4.01,0.2083,0.03481,2
167,/mnt/c/Users/brkit/Desktop/TCC/midi-mate/Backend/./uploads/midi/single - 484.mid,8.0,72.0,0.0,0.4324,0.54,3.029,5.894,0.07313,0.0177,2
168,/mnt/c/Users/brkit/Desktop/TCC/midi-mate/Backend/./uploads/midi/single - 485.mid,40.0,53.0,0.0,0.0,0.4921,6.6129999999999995,8.001,0.1198,0.02421,0
169,/mnt/c/Users/brkit/Desktop/TCC/midi-mate/Backend/./uploads/midi/single - 488.mid,12.0,63.0,0.0,0.1842,0.5152,4.0,2.457,0.3385,0.022430000000000002,0
170,/mnt/c/Users/brkit/Desktop/TCC/midi-mate/Backend/./uploads/midi/single - 49.mid,7.0,57.0,0.0,0.0,0.4688,2.278,4.148,0.141,0.02544,2
171,/mnt/c/Users/brkit/Desktop/TCC/midi-mate/Backend/./uploads/midi/single - 490.mid,12.0,50.0,0.0,0.032260000000000004,0.5455,2.522,2.0,0.5,0.038310000000000004,2
172,/mnt/c/Users/brkit/Desktop/TCC/midi-mate/Backend/./uploads/midi/single - 492.mid,17.0,65.0,0.0,0.09412000000000001,0.5325,3.758,2.7739999999999996,0.3766,0.02058,0
173,/mnt/c/Users/brkit/Desktop/TCC/midi-mate/Backend/./uploads/midi/single - 494.mid,64.0,56.0,0.0,0.0,0.4094,5.396,8.0,0.12,0.02422,0
174,/mnt/c/Users/brkit/Desktop/TCC/midi-mate/Backend/./uploads/midi/single - 496.mid,48.0,45.0,0.0,0.0,0.4074,2.895,8.005,0.1198,0.02424,2
175,/mnt/c/Users/brkit/Desktop/TCC/midi-mate/Backend/./uploads/midi/single - 50.mid,16.0,48.0,0.0,0.02532,0.3898,2.117,5.925,0.1127,0.02334,2
176,/mnt/c/Users/brkit/Desktop/TCC/midi-mate/Backend/./uploads/midi/single - 500.mid,15.0,58.0,0.0,0.058820000000000004,0.09091,3.037,4.375,0.1412,0.025240000000000002,2
177,/mnt/c/Users/brkit/Desktop/TCC/midi-mate/Backend/./uploads/midi/single - 502.mid,24.0,65.0,0.0,0.2571,0.2812,6.105,1.125,0.375,0.03687,0
178,/mnt/c/Users/brkit/Desktop/TCC/midi-mate/Backend/./uploads/midi/single - 503.mid,24.0,65.0,0.0,0.2571,0.2812,6.105,1.125,0.375,0.03687,0
179,/mnt/c/Users/brkit/Desktop/TCC/midi-mate/Backend/./uploads/midi/single - 504.mid,15.0,56.0,0.0,0.0,0.4615,2.0,2.9989999999999997,0.2344,0.027360000000000002,2
180,/mnt/c/Users/brkit/Desktop/TCC/midi-mate/Backend/./uploads/midi/single - 505.mid,7.0,53.0,0.0,0.025639999999999996,0.5556,1.125,2.5,0.125,0.027589999999999996,2
181,/mnt/c/Users/brkit/Desktop/TCC/midi-mate/Backend/./uploads/midi/single - 506.mid,22.0,59.0,0.0,0.0339,0.9091,1.286,7.505,0.1031,0.02425,2
182,/mnt/c/Users/brkit/Desktop/TCC/midi-mate/Backend/./uploads/midi/single - 508.mid,11.0,79.0,0.0,0.0,0.5106,4.927,1.311,0.058589999999999996,0.03965,0
183,/mnt/c/Users/brkit/Desktop/TCC/midi-mate/Backend/./uploads/midi/single - 51.mid,22.0,48.0,0.0,0.2807,0.5814,3.96,4.435,0.1033,0.02349,0
184,/mnt/c/Users/brkit/Desktop/TCC/midi-mate/Backend/./uploads/midi/single - 512.mid,19.0,71.0,0.0,0.2963,0.375,5.095,3.733,0.2741,0.025519999999999998,0
185,/mnt/c/Users/brkit/Desktop/TCC/midi-mate/Backend/./uploads/midi/single - 514.mid,19.0,67.0,0.0,0.4118,0.5714,3.0,5.0089999999999995,0.07812000000000001,0.025509999999999998,2
186,/mnt/c/Users/brkit/Desktop/TCC/midi-mate/Backend/./uploads/midi/single - 515.mid,17.0,71.0,0.0,0.0,0.4375,1.8330000000000002,3.201,0.2837,0.0328,2
187,/mnt/c/Users/brkit/Desktop/TCC/midi-mate/Backend/./uploads/midi/single - 516.mid,17.0,73.0,0.0,0.07692,0.6,2.7680000000000002,6.3020000000000005,0.07364,0.01785,2
188,/mnt/c/Users/brkit/Desktop/TCC/midi-mate/Backend/./uploads/midi/single - 519.mid,8.0,33.0,0.0,0.057139999999999996,0.5,1.433,2.403,0.2825,0.03605,2
189,/mnt/c/Users/brkit/Desktop/TCC/midi-mate/Backend/./uploads/midi/single - 52.mid,17.0,50.0,0.0,0.0122,0.5263,1.7530000000000001,5.542000000000001,0.1021,0.01945,2
190,/mnt/c/Users/brkit/Desktop/TCC/midi-mate/Backend/./uploads/midi/single - 520.mid,34.0,54.0,0.0,0.007873999999999999,0.544,4.053999999999999,8.003,0.12,0.02422,0
191,/mnt/c/Users/brkit/Desktop/TCC/midi-mate/Backend/./uploads/midi/single - 522.mid,9.0,56.0,0.0,0.1163,0.4211,2.541,2.9339999999999997,0.2497,0.034069999999999996,2
192,/mnt/c/Users/brkit/Desktop/TCC/midi-mate/Backend/./uploads/midi/single - 523.mid,12.0,59.0,0.0,0.2632,0.5429,3.8089999999999997,3.867,0.2203,0.03481,0
193,/mnt/c/Users/brkit/Desktop/TCC/midi-mate/Backend/./uploads/midi/single - 524.mid,12.0,65.0,0.0,0.07692,0.4,3.75,2.674,0.1564,0.02324,0
194,/mnt/c/Users/brkit/Desktop/TCC/midi-mate/Backend/./uploads/midi/single - 525.mid,12.0,57.0,0.0,0.3704,0.3519,5.085,3.667,0.2724,0.028339999999999997,0
195,/mnt/c/Users/brkit/Desktop/TCC/midi-mate/Backend/./uploads/midi/single - 526.mid,12.0,58.0,0.0,0.359,0.4333,4.093999999999999,2.693,0.2364,0.036469999999999995,0
196,/mnt/c/Users/brkit/Desktop/TCC/midi-mate/Backend/./uploads/midi/single - 527.mid,12.0,58.0,0.0,0.359,0.4333,4.093999999999999,2.693,0.2364,0.036469999999999995,0
197,/mnt/c/Users/brkit/Desktop/TCC/midi-mate/Backend/./uploads/midi/single - 528.mid,39.0,46.0,0.0,0.003906,0.3881,2.991,8.001,0.1247,0.0222,2
198,/mnt/c/Users/brkit/Desktop/TCC/midi-mate/Backend/./uploads/midi/single - 53.mid,13.0,54.0,0.0,0.2069,0.4483,2.944,3.937,0.1178,0.0245,2
199,/mnt/c/Users/brkit/Desktop/TCC/midi-mate/Backend/./uploads/midi/single - 530.mid,29.0,50.0,0.0,0.0,0.3386,4.724,8.003,0.1198,0.02422,0
200,/mnt/c/Users/brkit/Desktop/TCC/midi-mate/Backend/./uploads/midi/single - 533.mid,17.0,67.0,0.0,0.3968,0.3651,2.964,4.2669999999999995,0.2344,0.03481,2
201,/mnt/c/Users/brkit/Desktop/TCC/midi-mate/Backend/./uploads/midi/single - 534.mid,10.0,67.0,0.0,0.3968,0.3651,2.964,4.2669999999999995,0.2344,0.03481,2
202,/mnt/c/Users/brkit/Desktop/TCC/midi-mate/Backend/./uploads/midi/single - 536.mid,17.0,69.0,0.0,0.3934,0.3443,3.122,4.2669999999999995,0.2344,0.03481,2
203,/mnt/c/Users/brkit/Desktop/TCC/midi-mate/Backend/./uploads/midi/single - 537.mid,7.0,62.0,0.0,0.0,0.5,2.8480000000000003,5.05,0.1045,0.02454,2
204,/mnt/c/Users/brkit/Desktop/TCC/midi-mate/Backend/./uploads/midi/single - 538.mid,49.0,49.0,0.0,0.0,0.3327,3.906,8.001,0.1198,0.02421,0
205,/mnt/c/Users/brkit/Desktop/TCC/midi-mate/Backend/./uploads/midi/single - 54.mid,5.0,57.0,0.0,0.1731,0.6154,2.918,3.54,0.1568,0.02363,2
206,/mnt/c/Users/brkit/Desktop/TCC/midi-mate/Backend/./uploads/midi/single - 540.mid,16.0,35.0,0.0,0.0,0.375,2.75,1.125,0.8863,0.0382,2
207,/mnt/c/Users/brkit/Desktop/TCC/midi-mate/Backend/./uploads/midi/single - 541.mid,16.0,32.0,0.0,0.0,0.5,1.5,3.0,0.2821,0.023540000000000002,2
208,/mnt/c/Users/brkit/Desktop/TCC/midi-mate/Backend/./uploads/midi/single - 55.mid,17.0,56.0,0.0,0.1639,0.6897,3.125,4.167,0.1123,0.026260000000000002,2
209,/mnt/c/Users/brkit/Desktop/TCC/midi-mate/Backend/./uploads/midi/single - 550.mid,41.0,51.0,0.0,0.0,0.3386,3.991,8.003,0.1198,0.02422,0
210,/mnt/c/Users/brkit/Desktop/TCC/midi-mate/Backend/./uploads/midi/single - 552.mid,24.0,49.0,0.0,0.0,0.4039,3.1260000000000003,8.0,0.1211,0.02421,2
211,/mnt/c/Users/brkit/Desktop/TCC/midi-mate/Backend/./uploads/midi/single - 56.mid,6.0,55.0,0.0,0.3774,0.4194,2.25,3.636,0.1107,0.02398,2
212,/mnt/c/Users/brkit/Desktop/TCC/midi-mate/Backend/./uploads/midi/single - 561.mid,39.0,46.0,0.0,0.0,0.3386,4.062,8.003,0.1198,0.02422,0
213,/mnt/c/Users/brkit/Desktop/TCC/midi-mate/Backend/./uploads/midi/single - 569.mid,31.0,44.0,0.0,0.0,0.3333,3.965,8.001,0.1198,0.02421,0
214,/mnt/c/Users/brkit/Desktop/TCC/midi-mate/Backend/./uploads/midi/single - 57.mid,15.0,56.0,0.0,0.1132,0.6522,2.872,3.628,0.1309,0.031689999999999996,2
215,/mnt/c/Users/brkit/Desktop/TCC/midi-mate/Backend/./uploads/midi/single - 577.mid,7.0,60.0,0.0,0.5161,0.4898,2.2880000000000003,4.313,0.0995,0.03482,2
216,/mnt/c/Users/brkit/Desktop/TCC/midi-mate/Backend/./uploads/midi/single - 579.mid,12.0,65.0,0.0,0.07692,0.4,3.75,2.674,0.1564,0.02324,0
217,/mnt/c/Users/brkit/Desktop/TCC/midi-mate/Backend/./uploads/midi/single - 58.mid,8.0,56.0,0.0,0.1481,0.5116,3.373,3.6710000000000003,0.1431,0.02389,0
218,/mnt/c/Users/brkit/Desktop/TCC/midi-mate/Backend/./uploads/midi/single - 580.mid,31.0,54.0,0.0,0.0,0.5053,4.291,8.01,0.1146,0.02422,0
219,/mnt/c/Users/brkit/Desktop/TCC/midi-mate/Backend/./uploads/midi/single - 582.mid,33.0,49.0,0.0,0.0,0.3675,3.917,8.003,0.1198,0.02422,0
220,/mnt/c/Users/brkit/Desktop/TCC/midi-mate/Backend/./uploads/midi/single - 585.mid,29.0,52.0,0.0,0.0,0.3333,4.0889999999999995,8.005,0.1198,0.02424,0
221,/mnt/c/Users/brkit/Desktop/TCC/midi-mate/Backend/./uploads/midi/single - 587.mid,9.0,59.0,0.0,0.1818,0.5455,3.714,0.75,1.3330000000000002,0.07881,1
222,/mnt/c/Users/brkit/Desktop/TCC/midi-mate/Backend/./uploads/midi/single - 588.mid,14.0,56.0,0.0,0.0,0.5263,2.3609999999999998,3.0,0.3333,0.026389999999999997,2
223,/mnt/c/Users/brkit/Desktop/TCC/midi-mate/Backend/./uploads/midi/single - 589.mid,13.0,55.0,0.0,0.3333,0.5556,3.667,0.625,1.6,0.07881,1
224,/mnt/c/Users/brkit/Desktop/TCC/midi-mate/Backend/./uploads/midi/single - 59.mid,10.0,55.0,0.0,0.0,0.3529,2.842,4.234,0.1107,0.02364,2
225,/mnt/c/Users/brkit/Desktop/TCC/midi-mate/Backend/./uploads/midi/single - 590.mid,9.0,44.0,0.0,0.0,0.4667,4.727,1.0,1.0,0.07881,1
226,/mnt/c/Users/brkit/Desktop/TCC/midi-mate/Backend/./uploads/midi/single - 591.mid,0.0,21.0,0.0,0.0,0.0,1.0,6.0,0.08507,0.0249,2
227,/mnt/c/Users/brkit/Desktop/TCC/midi-mate/Backend/./uploads/midi/single - 594.mid,5.0,43.0,0.0,0.1489,0.4667,2.682,6.051,0.07292,0.02179,2
228,/mnt/c/Users/brkit/Desktop/TCC/midi-mate/Backend/./uploads/midi/single - 595.mid,5.0,67.0,0.0,0.1429,0.4667,2.696,6.303,0.07103999999999999,0.020030000000000003,2
229,/mnt/c/Users/brkit/Desktop/TCC/midi-mate/Backend/./uploads/midi/single - 597.mid,10.0,45.0,0.0,0.3684,0.5625,3.4,2.5810000000000004,0.2521,0.03632,0
230,/mnt/c/Users/brkit/Desktop/TCC/midi-mate/Backend/./uploads/midi/single - 598.mid,8.0,82.0,0.0,0.28,0.6429,3.238,3.335,0.04688,0.030189999999999998,2
231,/mnt/c/Users/brkit/Desktop/TCC/midi-mate/Backend/./uploads/midi/single - 599.mid,11.0,71.0,0.0,0.0,0.4524,4.151,3.765,0.2192,0.023880000000000002,0
232,/mnt/c/Users/brkit/Desktop/TCC/midi-mate/Backend/./uploads/midi/single - 60.mid,5.0,56.0,0.0,0.03636,0.375,1.122,3.7439999999999998,0.09652000000000001,0.02231,2
233,/mnt/c/Users/brkit/Desktop/TCC/midi-mate/Backend/./uploads/midi/single - 601.mid,10.0,59.0,0.0,0.0,0.4,2.735,4.881,0.1554,0.0273,2
234,/mnt/c/Users/brkit/Desktop/TCC/midi-mate/Backend/./uploads/midi/single - 602.mid,7.0,68.0,0.0,0.03704,0.5556,2.458,3.509,0.1458,0.03077,2
235,/mnt/c/Users/brkit/Desktop/TCC/midi-mate/Backend/./uploads/midi/single - 603.mid,22.0,79.0,0.0,0.0,0.4667,1.679,4.881,0.1554,0.0273,2
236,/mnt/c/Users/brkit/Desktop/TCC/midi-mate/Backend/./uploads/midi/single - 604.mid,13.0,41.0,0.0,0.08,0.4167,2.211,3.25,0.24600000000000002,0.02852,2
237,/mnt/c/Users/brkit/Desktop/TCC/midi-mate/Backend/./uploads/midi/single - 605.mid,13.0,77.0,0.0,0.06897,0.4167,2.0869999999999997,3.75,0.2201,0.0277,2
238,/mnt/c/Users/brkit/Desktop/TCC/midi-mate/Backend/./uploads/midi/single - 607.mid,12.0,45.0,0.0,0.09091,0.4167,2.214,2.875,0.2695,0.03055,2
239,/mnt/c/Users/brkit/Desktop/TCC/midi-mate/Backend/./uploads/midi/single - 608.mid,15.0,72.0,0.0,0.05127999999999999,0.4483,3.8,5.0,0.1828,0.02738,0
240,/mnt/c/Users/brkit/Desktop/TCC/midi-mate/Backend/./uploads/midi/single - 61.mid,12.0,49.0,0.0,0.02985,0.5135,2.222,4.542,0.1198,0.020059999999999998,2
241,/mnt/c/Users/brkit/Desktop/TCC/midi-mate/Backend/./uploads/midi/single - 610.mid,19.0,68.0,0.0,0.06299,0.3871,5.755,8.003,0.1199,0.02422,0
242,/mnt/c/Users/brkit/Desktop/TCC/midi-mate/Backend/./uploads/midi/single - 611.mid,15.0,67.0,0.0,0.08889,0.5185,3.722,2.892,0.1562,0.03503,0
243,/mnt/c/Users/brkit/Desktop/TCC/midi-mate/Backend/./uploads/midi/single - 613.mid,12.0,43.0,0.0,0.0,0.5714,1.729,4.513,0.1198,0.02737,2
244,/mnt/c/Users/brkit/Desktop/TCC/midi-mate/Backend/./uploads/midi/single - 614.mid,12.0,47.0,0.0,0.0,0.5082,1.943,4.513,0.1198,0.02737,2
245,/mnt/c/Users/brkit/Desktop/TCC/midi-mate/Backend/./uploads/midi/single - 616.mid,13.0,67.0,0.0,0.07272999999999999,0.5,1.66,3.6239999999999997,0.1198,0.027469999999999998,2
246,/mnt/c/Users/brkit/Desktop/TCC/midi-mate/Backend/./uploads/midi/single - 617.mid,23.0,60.0,0.0,0.129,0.7742,4.762,4.085,0.1797,0.02425,0
247,/mnt/c/Users/brkit/Desktop/TCC/midi-mate/Backend/./uploads/midi/single - 618.mid,12.0,71.0,0.0,0.06452000000000001,0.3333,5.0,2.0,0.5072,0.03119,0
248,/mnt/c/Users/brkit/Desktop/TCC/midi-mate/Backend/./uploads/midi/single - 619.mid,15.0,47.0,0.0,0.0,0.7407,3.576,4.655,0.1202,0.01944,0
249,/mnt/c/Users/brkit/Desktop/TCC/midi-mate/Backend/./uploads/midi/single - 62.mid,12.0,54.0,0.0,0.035089999999999996,0.3191,4.28,3.9019999999999997,0.1078,0.026439999999999998,0
250,/mnt/c/Users/brkit/Desktop/TCC/midi-mate/Backend/./uploads/midi/single - 620.mid,15.0,72.0,0.0,0.0,0.7419,4.0,4.596,0.1273,0.01964,0
251,/mnt/c/Users/brkit/Desktop/TCC/midi-mate/Backend/./uploads/midi/single - 622.mid,19.0,58.0,0.0,0.0,0.5161,3.779,4.51,0.1296,0.01975,0
252,/mnt/c/Users/brkit/Desktop/TCC/midi-mate/Backend/./uploads/midi/single - 623.mid,7.0,79.0,0.0,0.129,0.6,4.074,4.018,0.09635,0.02374,0
253,/mnt/c/Users/brkit/Desktop/TCC/midi-mate/Backend/./uploads/midi/single - 624.mid,22.0,49.0,0.0,0.0,0.5161,15.71,2.0,0.5,0.04523,0
254,/mnt/c/Users/brkit/Desktop/TCC/midi-mate/Backend/./uploads/midi/single - 625.mid,36.0,71.0,0.0,0.0,0.5766,1.8,8.045,0.07756,0.02422,2
255,/mnt/c/Users/brkit/Desktop/TCC/midi-mate/Backend/./uploads/midi/single - 626.mid,13.0,70.0,0.0,0.04724,0.3333,1.137,8.013,0.09896,0.02422,2
256,/mnt/c/Users/brkit/Desktop/TCC/midi-mate/Backend/./uploads/midi/single - 627.mid,12.0,69.0,0.0,0.2022,0.3976,5.85,5.636,0.1638,0.014419999999999999,0
257,/mnt/c/Users/brkit/Desktop/TCC/midi-mate/Backend/./uploads/midi/single - 629.mid,10.0,74.0,0.0,0.0,0.3429,3.943,2.764,0.3108,0.02833,0
258,/mnt/c/Users/brkit/Desktop/TCC/midi-mate/Backend/./uploads/midi/single - 63.mid,9.0,53.0,0.0,0.0,0.5098,3.262,4.571000000000001,0.128,0.0273,2
259,/mnt/c/Users/brkit/Desktop/TCC/midi-mate/Backend/./uploads/midi/single - 630.mid,21.0,39.0,0.0,0.0,0.6316,4.8,3.125,0.31,0.02792,0
260,/mnt/c/Users/brkit/Desktop/TCC/midi-mate/Backend/./uploads/midi/single - 631.mid,10.0,74.0,0.0,0.0,0.2222,2.95,3.125,0.2558,0.02792,2
261,/mnt/c/Users/brkit/Desktop/TCC/midi-mate/Backend/./uploads/midi/single - 632.mid,12.0,67.0,0.0,0.0315,0.5039,3.6460000000000004,8.0,0.125,0.02422,0
262,/mnt/c/Users/brkit/Desktop/TCC/midi-mate/Backend/./uploads/midi/single - 634.mid,12.0,67.0,0.0,0.03361,0.4746,3.5410000000000004,7.5,0.125,0.02422,0
263,/mnt/c/Users/brkit/Desktop/TCC/midi-mate/Backend/./uploads/midi/single - 639.mid,17.0,69.0,0.0,0.0,0.493,2.847,8.0,0.08333,0.02071,2
264,/mnt/c/Users/brkit/Desktop/TCC/midi-mate/Backend/./uploads/midi/single - 64.mid,8.0,54.0,0.0,0.06757,0.7241,2.9530000000000003,5.002,0.1109,0.02348,2
265,/mnt/c/Users/brkit/Desktop/TCC/midi-mate/Backend/./uploads/midi/single - 641.mid,7.0,37.0,0.0,0.02105,0.7143,1.0,6.022,0.1094,0.027260000000000003,2
266,/mnt/c/Users/brkit/Desktop/TCC/midi-mate/Backend/./uploads/midi/single - 642.mid,34.0,61.0,0.0,0.01053,0.5158,6.042999999999999,6.329,0.1076,0.021330000000000002,0
267,/mnt/c/Users/brkit/Desktop/TCC/midi-mate/Backend/./uploads/midi/single - 643.mid,15.0,65.0,0.0,0.04,0.4,2.682,3.284,0.09936,0.02713,2
268,/mnt/c/Users/brkit/Desktop/TCC/midi-mate/Backend/./uploads/midi/single - 645.mid,15.0,34.0,0.0,0.047619999999999996,0.4167,1.4809999999999999,3.772,0.2188,0.03481,2
269,/mnt/c/Users/brkit/Desktop/TCC/midi-mate/Backend/./uploads/midi/single - 646.mid,7.0,70.0,0.0,0.1212,0.5833,2.714,2.153,0.125,0.028439999999999997,2
270,/mnt/c/Users/brkit/Desktop/TCC/midi-mate/Backend/./uploads/midi/single - 647.mid,12.0,35.0,0.0,0.0,0.4444,2.984,4.0,0.1107,0.028489999999999998,2
271,/mnt/c/Users/brkit/Desktop/TCC/midi-mate/Backend/./uploads/midi/single - 648.mid,2.0,67.0,0.0,0.0,0.5128,1.9769999999999999,2.875,0.1014,0.0272,2
272,/mnt/c/Users/brkit/Desktop/TCC/midi-mate/Backend/./uploads/midi/single - 649.mid,17.0,34.0,0.0,0.0,0.4444,3.4,4.0,0.1107,0.028489999999999998,0
273,/mnt/c/Users/brkit/Desktop/TCC/midi-mate/Backend/./uploads/midi/single - 65.mid,7.0,65.0,0.0,0.1311,0.2821,3.862,4.167,0.1074,0.0234,0
274,/mnt/c/Users/brkit/Desktop/TCC/midi-mate/Backend/./uploads/midi/single - 650.mid,5.0,68.0,0.0,0.048780000000000004,0.4878,3.135,2.625,0.1032,0.02731,2
275,/mnt/c/Users/brkit/Desktop/TCC/midi-mate/Backend/./uploads/midi/single - 652.mid,3.0,53.0,0.0,0.0,0.4286,1.9,1.73,0.2118,0.03513,2
276,/mnt/c/Users/brkit/Desktop/TCC/midi-mate/Backend/./uploads/midi/single - 653.mid,15.0,60.0,0.0,0.0,0.3043,5.045,3.5,0.2061,0.024980000000000002,0
277,/mnt/c/Users/brkit/Desktop/TCC/midi-mate/Backend/./uploads/midi/single - 657.mid,6.0,51.0,0.0,0.3043,0.4286,2.952,1.548,0.5004,0.03175,2
278,/mnt/c/Users/brkit/Desktop/TCC/midi-mate/Backend/./uploads/midi/single - 658.mid,6.0,74.0,0.0,0.1591,0.4286,2.6430000000000002,2.9189999999999996,0.1725,0.02758,2
279,/mnt/c/Users/brkit/Desktop/TCC/midi-mate/Backend/./uploads/midi/single - 66.mid,8.0,58.0,0.0,0.1207,0.3056,4.22,3.964,0.1286,0.02478,0
280,/mnt/c/Users/brkit/Desktop/TCC/midi-mate/Backend/./uploads/midi/single - 660.mid,7.0,43.0,0.0,0.052629999999999996,0.5714,2.0,2.526,0.225,0.02561,2
281,/mnt/c/Users/brkit/Desktop/TCC/midi-mate/Backend/./uploads/midi/single - 661.mid,7.0,66.0,0.0,0.1,0.6,3.312,2.625,0.2897,0.03617,2
282,/mnt/c/Users/brkit/Desktop/TCC/midi-mate/Backend/./uploads/midi/single - 662.mid,15.0,59.0,0.0,0.0,0.5833,3.8569999999999998,4.295,0.1373,0.027639999999999998,0
283,/mnt/c/Users/brkit/Desktop/TCC/midi-mate/Backend/./uploads/midi/single - 663.mid,15.0,70.0,0.0,0.0,0.3158,4.7410000000000005,4.295,0.1373,0.027639999999999998,0
284,/mnt/c/Users/brkit/Desktop/TCC/midi-mate/Backend/./uploads/midi/single - 666.mid,8.0,54.0,0.0,0.0,0.625,2.103,4.0,0.1849,0.02777,2
285,/mnt/c/Users/brkit/Desktop/TCC/midi-mate/Backend/./uploads/midi/single - 669.mid,9.0,37.0,0.0,0.0,0.4444,1.273,6.013999999999999,0.1302,0.027260000000000003,2
286,/mnt/c/Users/brkit/Desktop/TCC/midi-mate/Backend/./uploads/midi/single - 67.mid,13.0,77.0,0.0,0.06849,0.5192,3.2319999999999998,4.979,0.1269,0.02391,2
287,/mnt/c/Users/brkit/Desktop/TCC/midi-mate/Backend/./uploads/midi/single - 670.mid,15.0,74.0,0.0,0.08889,0.5588,2.824,2.938,0.2436,0.02534,2
288,/mnt/c/Users/brkit/Desktop/TCC/midi-mate/Backend/./uploads/midi/single - 671.mid,29.0,61.0,0.0,0.0,0.3543,2.99,8.013,0.09896,0.02422,2
289,/mnt/c/Users/brkit/Desktop/TCC/midi-mate/Backend/./uploads/midi/single - 672.mid,17.0,52.0,0.0,0.0,0.6,3.167,4.315,0.08333,0.02461,2
290,/mnt/c/Users/brkit/Desktop/TCC/midi-mate/Backend/./uploads/midi/single - 673.mid,8.0,48.0,0.0,0.08333,0.6667,4.3,1.5619999999999998,0.585,0.02561,0
291,/mnt/c/Users/brkit/Desktop/TCC/midi-mate/Backend/./uploads/midi/single - 675.mid,8.0,47.0,0.0,0.07692,0.5,2.4,1.75,0.4345,0.03621,2
292,/mnt/c/Users/brkit/Desktop/TCC/midi-mate/Backend/./uploads/midi/single - 677.mid,8.0,71.0,0.0,0.1176,0.5,1.75,2.25,0.25,0.030060000000000003,2
293,/mnt/c/Users/brkit/Desktop/TCC/midi-mate/Backend/./uploads/midi/single - 678.mid,12.0,78.0,0.0,0.07692,0.4615,4.5,1.75,0.5357,0.03655,0
294,/mnt/c/Users/brkit/Desktop/TCC/midi-mate/Backend/./uploads/midi/single - 679.mid,20.0,46.0,0.0,0.0,0.5333,2.0,4.0,0.2184,0.028980000000000002,2
295,/mnt/c/Users/brkit/Desktop/TCC/midi-mate/Backend/./uploads/midi/single - 68.mid,24.0,63.0,0.0,0.1091,0.5333,5.111000000000001,3.7430000000000003,0.1563,0.02361,0
296,/mnt/c/Users/brkit/Desktop/TCC/midi-mate/Backend/./uploads/midi/single - 680.mid,8.0,66.0,0.0,0.09091,0.375,3.571,3.08,0.08333,0.03025,0
297,/mnt/c/Users/brkit/Desktop/TCC/midi-mate/Backend/./uploads/midi/single - 682.mid,8.0,77.0,0.0,0.28,0.4737,3.7,3.25,0.2692,0.02947,0
298,/mnt/c/Users/brkit/Desktop/TCC/midi-mate/Backend/./uploads/midi/single - 684.mid,5.0,74.0,0.0,0.04,0.4444,2.136,3.302,0.09295,0.02947,2
299,/mnt/c/Users/brkit/Desktop/TCC/midi-mate/Backend/./uploads/midi/single - 686.mid,12.0,61.0,0.0,0.0,0.25,1.222,3.25,0.1346,0.03034,2
300,/mnt/c/Users/brkit/Desktop/TCC/midi-mate/Backend/./uploads/midi/single - 687.mid,19.0,45.0,0.0,0.0,0.5,1.3330000000000002,3.25,0.1346,0.03034,2
301,/mnt/c/Users/brkit/Desktop/TCC/midi-mate/Backend/./uploads/midi/single - 689.mid,8.0,67.0,0.0,0.07407000000000001,0.5,3.0,3.5180000000000002,0.2083,0.02538,2
302,/mnt/c/Users/brkit/Desktop/TCC/midi-mate/Backend/./uploads/midi/single - 69.mid,5.0,57.0,0.0,0.06667000000000001,0.6,1.8840000000000001,5.085,0.1067,0.02729,2
303,/mnt/c/Users/brkit/Desktop/TCC/midi-mate/Backend/./uploads/midi/single - 699.mid,2.0,53.0,0.0,0.3043,0.6364,2.714,3.136,0.1552,0.028439999999999997,2
304,/mnt/c/Users/brkit/Desktop/TCC/midi-mate/Backend/./uploads/midi/single - 70.mid,8.0,57.0,0.0,0.125,0.5,3.725,3.839,0.09963,0.02986,0
305,/mnt/c/Users/brkit/Desktop/TCC/midi-mate/Backend/./uploads/midi/single - 701.mid,8.0,67.0,0.0,0.0,0.3636,3.0,1.601,0.5268,0.0403,1
306,/mnt/c/Users/brkit/Desktop/TCC/midi-mate/Backend/./uploads/midi/single - 703.mid,4.0,57.0,0.0,0.12,0.8333,2.227,3.552,0.1662,0.02541,2
307,/mnt/c/Users/brkit/Desktop/TCC/midi-mate/Backend/./uploads/midi/single - 704.mid,9.0,48.0,0.0,0.09091,0.7778,4.5,1.5619999999999998,0.64,0.03525,0
308,/mnt/c/Users/brkit/Desktop/TCC/midi-mate/Backend/./uploads/midi/single - 705.mid,9.0,46.0,0.0,0.09091,0.7778,4.5,1.5619999999999998,0.64,0.03525,0
309,/mnt/c/Users/brkit/Desktop/TCC/midi-mate/Backend/./uploads/midi/single - 706.mid,9.0,46.0,0.0,0.09091,0.7778,4.5,1.5619999999999998,0.64,0.03525,0
310,/mnt/c/Users/brkit/Desktop/TCC/midi-mate/Backend/./uploads/midi/single - 707.mid,17.0,53.0,0.0,0.1818,0.2778,4.25,2.995,0.3652,0.03556,0
311,/mnt/c/Users/brkit/Desktop/TCC/midi-mate/Backend/./uploads/midi/single - 708.mid,8.0,44.0,0.0,0.2308,0.6111,3.05,3.516,0.2667,0.02806,2
312,/mnt/c/Users/brkit/Desktop/TCC/midi-mate/Backend/./uploads/midi/single - 709.mid,8.0,44.0,0.0,0.2308,0.6111,3.05,3.516,0.2667,0.02806,2
313,/mnt/c/Users/brkit/Desktop/TCC/midi-mate/Backend/./uploads/midi/single - 71.mid,8.0,59.0,0.0,0.3019,0.6829,4.816,3.63,0.1308,0.02352,0
314,/mnt/c/Users/brkit/Desktop/TCC/midi-mate/Backend/./uploads/midi/single - 710.mid,12.0,49.0,0.0,0.04,0.3478,3.591,3.495,0.24,0.0349,0
315,/mnt/c/Users/brkit/Desktop/TCC/midi-mate/Backend/./uploads/midi/single - 711.mid,14.0,62.0,0.0,0.0,0.5238,4.5,2.865,0.24,0.03601,0
316,/mnt/c/Users/brkit/Desktop/TCC/midi-mate/Backend/./uploads/midi/single - 712.mid,12.0,71.0,0.0,0.0,0.5238,4.885,4.2330000000000005,0.1575,0.02459,0
317,/mnt/c/Users/brkit/Desktop/TCC/midi-mate/Backend/./uploads/midi/single - 713.mid,8.0,61.0,0.0,0.1304,0.6364,4.333,3.125,0.255,0.026889999999999997,0
318,/mnt/c/Users/brkit/Desktop/TCC/midi-mate/Backend/./uploads/midi/single - 714.mid,4.0,57.0,0.0,0.12,0.8333,2.227,3.552,0.1662,0.02541,2
319,/mnt/c/Users/brkit/Desktop/TCC/midi-mate/Backend/./uploads/midi/single - 715.mid,17.0,53.0,0.0,0.1818,0.2778,4.25,2.995,0.3652,0.03556,0
320,/mnt/c/Users/brkit/Desktop/TCC/midi-mate/Backend/./uploads/midi/single - 716.mid,8.0,44.0,0.0,0.2308,0.6111,3.05,3.516,0.2667,0.02806,2
321,/mnt/c/Users/brkit/Desktop/TCC/midi-mate/Backend/./uploads/midi/single - 717.mid,9.0,61.0,0.0,0.3043,0.3478,6.188,3.125,0.31,0.03141,0
322,/mnt/c/Users/brkit/Desktop/TCC/midi-mate/Backend/./uploads/midi/single - 718.mid,15.0,41.0,0.0,0.028569999999999998,0.6571,5.7139999999999995,4.762,0.1433,0.02441,0
323,/mnt/c/Users/brkit/Desktop/TCC/midi-mate/Backend/./uploads/midi/single - 72.mid,8.0,66.0,0.0,0.03175,0.4848,2.965,4.268,0.1869,0.025169999999999998,2
324,/mnt/c/Users/brkit/Desktop/TCC/midi-mate/Backend/./uploads/midi/single - 720.mid,12.0,68.0,0.0,0.2188,0.7188,4.0,4.362,0.1321,0.02507,0
325,/mnt/c/Users/brkit/Desktop/TCC/midi-mate/Backend/./uploads/midi/single - 721.mid,2.0,49.0,0.0,0.4211,0.6316,2.9410000000000003,2.614,0.24,0.03622,2
326,/mnt/c/Users/brkit/Desktop/TCC/midi-mate/Backend/./uploads/midi/single - 723.mid,9.0,63.0,0.0,0.0,0.6667,4.0,1.3019999999999998,0.768,0.049389999999999996,1
327,/mnt/c/Users/brkit/Desktop/TCC/midi-mate/Backend/./uploads/midi/single - 724.mid,8.0,57.0,0.0,0.07407000000000001,0.6087,5.227,3.6460000000000004,0.24,0.028980000000000002,0
328,/mnt/c/Users/brkit/Desktop/TCC/midi-mate/Backend/./uploads/midi/single - 725.mid,12.0,48.0,0.0,0.0,0.45,4.5,2.734,0.32,0.027469999999999998,0
329,/mnt/c/Users/brkit/Desktop/TCC/midi-mate/Backend/./uploads/midi/single - 726.mid,7.0,51.0,0.0,0.0,0.3333,3.0,1.693,0.5908,0.041210000000000004,1
330,/mnt/c/Users/brkit/Desktop/TCC/midi-mate/Backend/./uploads/midi/single - 727.mid,12.0,54.0,0.0,0.08621000000000001,0.6724,5.755,7.682,0.12,0.02425,0
331,/mnt/c/Users/brkit/Desktop/TCC/midi-mate/Backend/./uploads/midi/single - 73.mid,17.0,60.0,0.0,0.0,0.6197,5.27,4.803,0.105,0.023219999999999998,0
332,/mnt/c/Users/brkit/Desktop/TCC/midi-mate/Backend/./uploads/midi/single - 730.mid,10.0,61.0,0.0,0.04545,0.5,4.941,2.995,0.2139,0.03545,0
333,/mnt/c/Users/brkit/Desktop/TCC/midi-mate/Backend/./uploads/midi/single - 731.mid,12.0,59.0,0.0,0.1333,0.5,4.111000000000001,2.09,0.3734,0.04343,1
334,/mnt/c/Users/brkit/Desktop/TCC/midi-mate/Backend/./uploads/midi/single - 732.mid,11.0,49.0,0.0,0.1176,0.5,2.167,2.362,0.3633,0.025769999999999998,2
335,/mnt/c/Users/brkit/Desktop/TCC/midi-mate/Backend/./uploads/midi/single - 733.mid,9.0,55.0,0.0,0.0,0.4444,5.409,3.6460000000000004,0.2057,0.03488,0
336,/mnt/c/Users/brkit/Desktop/TCC/midi-mate/Backend/./uploads/midi/single - 734.mid,14.0,65.0,0.0,0.0,0.4194,4.1,5.026,0.1453,0.024630000000000003,0
337,/mnt/c/Users/brkit/Desktop/TCC/midi-mate/Backend/./uploads/midi/single - 735.mid,15.0,66.0,0.0,0.0,0.4,5.4670000000000005,2.865,0.2564,0.03268,0
338,/mnt/c/Users/brkit/Desktop/TCC/midi-mate/Backend/./uploads/midi/single - 736.mid,21.0,56.0,0.0,0.1429,0.5238,8.727,2.865,0.2509,0.02743,0
339,/mnt/c/Users/brkit/Desktop/TCC/midi-mate/Backend/./uploads/midi/single - 737.mid,3.0,59.0,0.0,0.25,0.6364,2.8569999999999998,2.214,0.4094,0.027239999999999997,2
340,/mnt/c/Users/brkit/Desktop/TCC/midi-mate/Backend/./uploads/midi/single - 738.mid,12.0,64.0,0.0,0.03333,0.4444,3.958,4.0360000000000005,0.2245,0.02713,0
341,/mnt/c/Users/brkit/Desktop/TCC/midi-mate/Backend/./uploads/midi/single - 739.mid,12.0,56.0,0.0,0.4091,0.5455,5.077,2.995,0.2452,0.02745,0
342,/mnt/c/Users/brkit/Desktop/TCC/midi-mate/Backend/./uploads/midi/single - 74.mid,16.0,52.0,0.0,0.0,0.6154,4.383,4.141,0.13699999999999998,0.02451,0
343,/mnt/c/Users/brkit/Desktop/TCC/midi-mate/Backend/./uploads/midi/single - 740.mid,8.0,51.0,0.0,0.0,0.5556,3.3680000000000003,3.194,0.1983,0.02557,0
344,/mnt/c/Users/brkit/Desktop/TCC/midi-mate/Backend/./uploads/midi/single - 742.mid,12.0,68.0,0.0,0.2188,0.7188,4.0,4.362,0.1321,0.02502,0
345,/mnt/c/Users/brkit/Desktop/TCC/midi-mate/Backend/./uploads/midi/single - 744.mid,12.0,68.0,0.0,0.2188,0.7188,4.0,4.362,0.1321,0.02502,0
346,/mnt/c/Users/brkit/Desktop/TCC/midi-mate/Backend/./uploads/midi/single - 745.mid,2.0,49.0,0.0,0.4211,0.6316,2.9410000000000003,2.614,0.24,0.03622,2
347,/mnt/c/Users/brkit/Desktop/TCC/midi-mate/Backend/./uploads/midi/single - 746.mid,6.0,50.0,0.0,0.2759,0.6957,4.68,4.06,0.1911,0.02167,0
348,/mnt/c/Users/brkit/Desktop/TCC/midi-mate/Backend/./uploads/midi/single - 748.mid,12.0,55.0,0.0,0.0,0.375,3.783,3.7760000000000002,0.1986,0.02791,0
349,/mnt/c/Users/brkit/Desktop/TCC/midi-mate/Backend/./uploads/midi/single - 749.mid,13.0,65.0,0.0,0.03704,0.6296,4.545,3.7039999999999997,0.1886,0.02516,0
350,/mnt/c/Users/brkit/Desktop/TCC/midi-mate/Backend/./uploads/midi/single - 75.mid,10.0,61.0,0.0,0.0,0.5882,1.692,5.827999999999999,0.09552000000000001,0.017759999999999998,2
351,/mnt/c/Users/brkit/Desktop/TCC/midi-mate/Backend/./uploads/midi/single - 750.mid,12.0,55.0,0.0,0.1633,0.6122,5.432,6.51,0.12,0.02435,0
352,/mnt/c/Users/brkit/Desktop/TCC/midi-mate/Backend/./uploads/midi/single - 751.mid,7.0,51.0,0.0,0.0,0.3333,3.0,1.693,0.5908,0.041210000000000004,1
353,/mnt/c/Users/brkit/Desktop/TCC/midi-mate/Backend/./uploads/midi/single - 752.mid,10.0,67.0,0.0,0.2963,0.5926,5.053,3.6460000000000004,0.2554,0.01917,0
354,/mnt/c/Users/brkit/Desktop/TCC/midi-mate/Backend/./uploads/midi/single - 754.mid,8.0,64.0,0.0,0.0625,0.5714,2.759,4.365,0.08727,0.024419999999999997,2
355,/mnt/c/Users/brkit/Desktop/TCC/midi-mate/Backend/./uploads/midi/single - 755.mid,15.0,52.0,0.0,0.2857,0.5455,2.556,1.953,0.512,0.03755,2
356,/mnt/c/Users/brkit/Desktop/TCC/midi-mate/Backend/./uploads/midi/single - 756.mid,12.0,59.0,0.0,0.1333,0.5,4.111000000000001,2.09,0.3734,0.04334,1
357,/mnt/c/Users/brkit/Desktop/TCC/midi-mate/Backend/./uploads/midi/single - 757.mid,11.0,49.0,0.0,0.1176,0.5,2.167,2.362,0.3633,0.025769999999999998,2
358,/mnt/c/Users/brkit/Desktop/TCC/midi-mate/Backend/./uploads/midi/single - 758.mid,14.0,65.0,0.0,0.0,0.4194,4.1,5.026,0.1453,0.024630000000000003,0
359,/mnt/c/Users/brkit/Desktop/TCC/midi-mate/Backend/./uploads/midi/single - 759.mid,15.0,66.0,0.0,0.0,0.4,5.4670000000000005,2.865,0.2564,0.03268,0
360,/mnt/c/Users/brkit/Desktop/TCC/midi-mate/Backend/./uploads/midi/single - 76.mid,3.0,63.0,0.0,0.3099,0.4615,2.015,4.828,0.1355,0.02399,2
361,/mnt/c/Users/brkit/Desktop/TCC/midi-mate/Backend/./uploads/midi/single - 760.mid,3.0,59.0,0.0,0.25,0.6364,2.8569999999999998,2.214,0.4094,0.027239999999999997,2
362,/mnt/c/Users/brkit/Desktop/TCC/midi-mate/Backend/./uploads/midi/single - 761.mid,3.0,50.0,0.0,0.2105,0.5,2.588,2.6039999999999996,0.3585,0.02561,2
363,/mnt/c/Users/brkit/Desktop/TCC/midi-mate/Backend/./uploads/midi/single - 762.mid,16.0,57.0,0.0,0.032260000000000004,0.4516,3.88,4.167,0.24,0.03485,0
364,/mnt/c/Users/brkit/Desktop/TCC/midi-mate/Backend/./uploads/midi/single - 763.mid,15.0,55.0,0.0,0.0,0.4583,4.471,3.255,0.2976,0.034910000000000004,0
365,/mnt/c/Users/brkit/Desktop/TCC/midi-mate/Backend/./uploads/midi/single - 764.mid,7.0,62.0,0.0,0.1304,0.5294,4.053,3.125,0.285,0.02083,0
366,/mnt/c/Users/brkit/Desktop/TCC/midi-mate/Backend/./uploads/midi/single - 765.mid,9.0,61.0,0.0,0.35,0.4375,4.067,2.778,0.2286,0.02658,0
367,/mnt/c/Users/brkit/Desktop/TCC/midi-mate/Backend/./uploads/midi/single - 766.mid,15.0,68.0,0.0,0.1905,0.6154,7.147,5.599,0.1507,0.024319999999999998,0
368,/mnt/c/Users/brkit/Desktop/TCC/midi-mate/Backend/./uploads/midi/single - 767.mid,13.0,55.0,0.0,0.0,0.5926,4.5,3.7760000000000002,0.2193,0.02514,0
369,/mnt/c/Users/brkit/Desktop/TCC/midi-mate/Backend/./uploads/midi/single - 77.mid,8.0,55.0,0.0,0.0,0.5,2.182,3.4010000000000002,0.1192,0.02411,2
370,/mnt/c/Users/brkit/Desktop/TCC/midi-mate/Backend/./uploads/midi/single - 770.mid,4.0,50.0,0.0,0.4444,0.5217,4.391,3.687,0.1493,0.0247,0
371,/mnt/c/Users/brkit/Desktop/TCC/midi-mate/Backend/./uploads/midi/single - 771.mid,7.0,89.0,0.0,0.2381,0.5263,4.118,2.865,0.3382,0.03152,0
372,/mnt/c/Users/brkit/Desktop/TCC/midi-mate/Backend/./uploads/midi/single - 772.mid,15.0,55.0,0.0,0.0,0.4583,4.471,3.255,0.2976,0.034910000000000004,0
373,/mnt/c/Users/brkit/Desktop/TCC/midi-mate/Backend/./uploads/midi/single - 773.mid,5.0,54.0,0.0,0.3333,0.35,3.0,2.865,0.3491,0.031219999999999998,2
374,/mnt/c/Users/brkit/Desktop/TCC/midi-mate/Backend/./uploads/midi/single - 774.mid,9.0,54.0,0.0,0.055560000000000005,0.5625,4.2139999999999995,2.474,0.4042,0.03705,0
375,/mnt/c/Users/brkit/Desktop/TCC/midi-mate/Backend/./uploads/midi/single - 775.mid,5.0,53.0,0.0,0.4444,0.4762,2.75,3.6460000000000004,0.2523,0.02556,2
376,/mnt/c/Users/brkit/Desktop/TCC/midi-mate/Backend/./uploads/midi/single - 776.mid,13.0,65.0,0.0,0.032260000000000004,0.5484,4.462,4.2330000000000005,0.1575,0.024669999999999997,0
377,/mnt/c/Users/brkit/Desktop/TCC/midi-mate/Backend/./uploads/midi/single - 777.mid,13.0,65.0,0.0,0.03704,0.6296,4.545,3.7039999999999997,0.1886,0.02516,0
378,/mnt/c/Users/brkit/Desktop/TCC/midi-mate/Backend/./uploads/midi/single - 778.mid,6.0,53.0,0.0,0.1481,0.5833,4.478,3.6460000000000004,0.1843,0.03317,0
379,/mnt/c/Users/brkit/Desktop/TCC/midi-mate/Backend/./uploads/midi/single - 779.mid,7.0,63.0,0.0,0.0,0.4667,3.1,3.175,0.19,0.02837,2
380,/mnt/c/Users/brkit/Desktop/TCC/midi-mate/Backend/./uploads/midi/single - 78.mid,24.0,50.0,0.0,0.0,0.4902,3.49,4.802,0.1066,0.02525,0
381,/mnt/c/Users/brkit/Desktop/TCC/midi-mate/Backend/./uploads/midi/single - 782.mid,5.0,68.0,0.0,0.0,0.4,3.0,2.151,0.33,0.03561,2
382,/mnt/c/Users/brkit/Desktop/TCC/midi-mate/Backend/./uploads/midi/single - 785.mid,18.0,60.0,0.0,0.1282,0.5,3.658,5.99,0.1113,0.024669999999999997,0
383,/mnt/c/Users/brkit/Desktop/TCC/midi-mate/Backend/./uploads/midi/single - 786.mid,5.0,55.0,0.0,0.6667,0.8,4.727,2.083,0.42,0.03965,0
384,/mnt/c/Users/brkit/Desktop/TCC/midi-mate/Backend/./uploads/midi/single - 787.mid,12.0,46.0,0.0,0.1364,0.5,5.059,2.995,0.2609,0.02603,0
385,/mnt/c/Users/brkit/Desktop/TCC/midi-mate/Backend/./uploads/midi/single - 789.mid,9.0,54.0,0.0,0.055560000000000005,0.5625,4.2139999999999995,2.474,0.4042,0.03705,0
386,/mnt/c/Users/brkit/Desktop/TCC/midi-mate/Backend/./uploads/midi/single - 79.mid,16.0,67.0,0.0,0.1639,0.52,2.9819999999999998,4.135,0.13,0.02355,2
387,/mnt/c/Users/brkit/Desktop/TCC/midi-mate/Backend/./uploads/midi/single - 790.mid,5.0,53.0,0.0,0.4444,0.4762,2.75,3.6460000000000004,0.2523,0.02556,2
388,/mnt/c/Users/brkit/Desktop/TCC/midi-mate/Backend/./uploads/midi/single - 791.mid,5.0,50.0,0.0,0.5143,0.5517,4.107,4.765,0.1239,0.02745,0
389,/mnt/c/Users/brkit/Desktop/TCC/midi-mate/Backend/./uploads/midi/single - 792.mid,6.0,52.0,0.0,0.1724,0.5385,4.52,3.906,0.18,0.03336,0
390,/mnt/c/Users/brkit/Desktop/TCC/midi-mate/Backend/./uploads/midi/single - 794.mid,7.0,63.0,0.0,0.0,0.4667,3.1,3.175,0.19,0.02837,2
391,/mnt/c/Users/brkit/Desktop/TCC/midi-mate/Backend/./uploads/midi/single - 796.mid,18.0,60.0,0.0,0.1282,0.5,3.658,5.99,0.1113,0.024669999999999997,0
392,/mnt/c/Users/brkit/Desktop/TCC/midi-mate/Backend/./uploads/midi/single - 797.mid,12.0,46.0,0.0,0.1364,0.5,5.059,2.995,0.2609,0.02603,0
393,/mnt/c/Users/brkit/Desktop/TCC/midi-mate/Backend/./uploads/midi/single - 798.mid,10.0,62.0,0.0,0.3913,0.5455,3.6319999999999997,3.2260000000000004,0.175,0.03035,0
394,/mnt/c/Users/brkit/Desktop/TCC/midi-mate/Backend/./uploads/midi/single - 80.mid,20.0,64.0,0.0,0.0,0.5385,2.015,5.765,0.1121,0.01656,2
395,/mnt/c/Users/brkit/Desktop/TCC/midi-mate/Backend/./uploads/midi/single - 800.mid,12.0,66.0,0.0,0.2,0.25,2.9330000000000003,2.7430000000000003,0.2731,0.03588,2
396,/mnt/c/Users/brkit/Desktop/TCC/midi-mate/Backend/./uploads/midi/single - 801.mid,15.0,61.0,0.0,0.0,0.5517,3.739,4.167,0.1471,0.0245,0
397,/mnt/c/Users/brkit/Desktop/TCC/midi-mate/Backend/./uploads/midi/single - 802.mid,7.0,76.0,0.0,0.1053,0.4118,3.9330000000000003,2.6460000000000004,0.28800000000000003,0.02914,0
398,/mnt/c/Users/brkit/Desktop/TCC/midi-mate/Backend/./uploads/midi/single - 803.mid,39.0,48.0,0.0,0.0,0.3307,3.912,8.003,0.1198,0.02422,0
399,/mnt/c/Users/brkit/Desktop/TCC/midi-mate/Backend/./uploads/midi/single - 805.mid,39.0,51.0,0.0,0.0,0.3925,3.408,8.003,0.1198,0.02422,0
400,/mnt/c/Users/brkit/Desktop/TCC/midi-mate/Backend/./uploads/midi/single - 808.mid,24.0,60.0,0.0,0.025810000000000003,0.5461,5.165,4.875,0.1918,0.01866,0
401,/mnt/c/Users/brkit/Desktop/TCC/midi-mate/Backend/./uploads/midi/single - 81.mid,8.0,42.0,0.0,0.0,0.5122,2.19,4.571000000000001,0.1226,0.030330000000000003,2
402,/mnt/c/Users/brkit/Desktop/TCC/midi-mate/Backend/./uploads/midi/single - 812.mid,9.0,39.0,0.0,0.25,0.3889,3.571,3.333,0.3,0.02459,0
403,/mnt/c/Users/brkit/Desktop/TCC/midi-mate/Backend/./uploads/midi/single - 816.mid,8.0,43.0,0.0,0.2857,0.2727,3.765,2.9330000000000003,0.3304,0.026910000000000003,0
404,/mnt/c/Users/brkit/Desktop/TCC/midi-mate/Backend/./uploads/midi/single - 819.mid,6.0,41.0,0.0,0.2174,0.4118,3.05,3.2,0.3135,0.02512,2
405,/mnt/c/Users/brkit/Desktop/TCC/midi-mate/Backend/./uploads/midi/single - 82.mid,10.0,67.0,0.0,0.1935,0.5263,2.862,4.2,0.2176,0.024419999999999997,2
406,/mnt/c/Users/brkit/Desktop/TCC/midi-mate/Backend/./uploads/midi/single - 820.mid,10.0,41.0,0.0,0.1,0.5,2.867,2.8,0.3571,0.029060000000000002,2
407,/mnt/c/Users/brkit/Desktop/TCC/midi-mate/Backend/./uploads/midi/single - 821.mid,6.0,41.0,0.0,0.058820000000000004,0.375,2.8569999999999998,2.438,0.2781,0.029269999999999997,2
408,/mnt/c/Users/brkit/Desktop/TCC/midi-mate/Backend/./uploads/midi/single - 823.mid,12.0,67.0,0.0,0.0,0.6667,2.4,1.2,0.8333,0.05633,1
409,/mnt/c/Users/brkit/Desktop/TCC/midi-mate/Backend/./uploads/midi/single - 824.mid,12.0,54.0,0.0,0.03704,0.4737,3.478,3.733,0.2194,0.024,0
410,/mnt/c/Users/brkit/Desktop/TCC/midi-mate/Backend/./uploads/midi/single - 825.mid,9.0,44.0,0.0,0.1905,0.4615,3.7060000000000004,2.9360000000000004,0.3406,0.02585,0
411,/mnt/c/Users/brkit/Desktop/TCC/midi-mate/Backend/./uploads/midi/single - 827.mid,3.0,42.0,0.0,0.1905,0.375,2.3680000000000003,3.1289999999999996,0.1172,0.0245,2
412,/mnt/c/Users/brkit/Desktop/TCC/midi-mate/Backend/./uploads/midi/single - 828.mid,7.0,38.0,0.0,0.2308,0.4118,3.3480000000000003,3.6,0.2779,0.02366,0
413,/mnt/c/Users/brkit/Desktop/TCC/midi-mate/Backend/./uploads/midi/single - 829.mid,8.0,39.0,0.0,0.1111,0.2857,2.9330000000000003,2.533,0.3947,0.03802,2
414,/mnt/c/Users/brkit/Desktop/TCC/midi-mate/Backend/./uploads/midi/single - 83.mid,7.0,58.0,0.0,0.1053,0.5,3.727,2.603,0.1926,0.025490000000000002,0
415,/mnt/c/Users/brkit/Desktop/TCC/midi-mate/Backend/./uploads/midi/single - 831.mid,7.0,38.0,0.0,0.0,0.5714,1.857,2.438,0.2734,0.023790000000000002,2
416,/mnt/c/Users/brkit/Desktop/TCC/midi-mate/Backend/./uploads/midi/single - 832.mid,12.0,47.0,0.0,0.0,0.5135,2.059,5.067,0.1974,0.023459999999999998,2
417,/mnt/c/Users/brkit/Desktop/TCC/midi-mate/Backend/./uploads/midi/single - 834.mid,8.0,42.0,0.0,0.2,0.48,3.952,3.467,0.2891,0.026369999999999998,0
418,/mnt/c/Users/brkit/Desktop/TCC/midi-mate/Backend/./uploads/midi/single - 835.mid,7.0,54.0,0.0,0.0,0.5833,2.105,3.0669999999999997,0.3261,0.027569999999999997,2
419,/mnt/c/Users/brkit/Desktop/TCC/midi-mate/Backend/./uploads/midi/single - 836.mid,13.0,56.0,0.0,0.06452000000000001,0.4839,2.8569999999999998,4.2669999999999995,0.2419,0.02334,2
420,/mnt/c/Users/brkit/Desktop/TCC/midi-mate/Backend/./uploads/midi/single - 837.mid,7.0,46.0,0.0,0.0,0.7143,2.875,2.667,0.2972,0.028789999999999996,2
421,/mnt/c/Users/brkit/Desktop/TCC/midi-mate/Backend/./uploads/midi/single - 838.mid,7.0,44.0,0.0,0.0,0.5,3.0,0.9333,1.071,0.04891,1
422,/mnt/c/Users/brkit/Desktop/TCC/midi-mate/Backend/./uploads/midi/single - 84.mid,5.0,72.0,0.0,0.09333,0.6087,2.38,5.087,0.09586,0.02363,2
423,/mnt/c/Users/brkit/Desktop/TCC/midi-mate/Backend/./uploads/midi/single - 840.mid,10.0,45.0,0.0,0.1667,0.3077,2.762,3.333,0.2358,0.02366,2
424,/mnt/c/Users/brkit/Desktop/TCC/midi-mate/Backend/./uploads/midi/single - 841.mid,7.0,51.0,0.0,0.1176,0.5714,2.5380000000000003,2.4,0.4102,0.029930000000000002,2
425,/mnt/c/Users/brkit/Desktop/TCC/midi-mate/Backend/./uploads/midi/single - 842.mid,5.0,53.0,0.0,0.2051,0.6875,3.657,5.332999999999999,0.1875,0.0234,0
426,/mnt/c/Users/brkit/Desktop/TCC/midi-mate/Backend/./uploads/midi/single - 85.mid,12.0,56.0,0.0,0.05085,0.619,3.5189999999999997,4.024,0.134,0.02339,0
427,/mnt/c/Users/brkit/Desktop/TCC/midi-mate/Backend/./uploads/midi/single - 852.mid,7.0,63.0,0.0,0.0,0.5714,4.0,0.5333,1.875,0.0,0
428,/mnt/c/Users/brkit/Desktop/TCC/midi-mate/Backend/./uploads/midi/single - 853.mid,9.0,40.0,0.0,0.0,0.5714,4.0,0.5333,1.875,0.0,0
429,/mnt/c/Users/brkit/Desktop/TCC/midi-mate/Backend/./uploads/midi/single - 854.mid,10.0,55.0,0.0,0.025639999999999996,0.5,1.0,2.667,0.375,0.02615,2
430,/mnt/c/Users/brkit/Desktop/TCC/midi-mate/Backend/./uploads/midi/single - 855.mid,8.0,56.0,0.0,0.0,0.6667,0.0,0.5333,1.875,0.0,2
431,/mnt/c/Users/brkit/Desktop/TCC/midi-mate/Backend/./uploads/midi/single - 856.mid,7.0,52.0,0.0,0.0,0.2,1.2790000000000001,3.2,0.3125,0.02901,2
432,/mnt/c/Users/brkit/Desktop/TCC/midi-mate/Backend/./uploads/midi/single - 857.mid,9.0,58.0,0.0,0.04651,0.8,2.1390000000000002,2.9330000000000003,0.3409,0.02532,2
433,/mnt/c/Users/brkit/Desktop/TCC/midi-mate/Backend/./uploads/midi/single - 858.mid,8.0,43.0,0.0,0.025639999999999996,0.2857,2.286,2.673,0.3299,0.03,2
434,/mnt/c/Users/brkit/Desktop/TCC/midi-mate/Backend/./uploads/midi/single - 859.mid,9.0,68.0,0.0,0.0,0.6,1.0,3.2,0.2148,0.028739999999999998,2
435,/mnt/c/Users/brkit/Desktop/TCC/midi-mate/Backend/./uploads/midi/single - 86.mid,10.0,59.0,0.0,0.016390000000000002,0.4286,3.661,4.165,0.1188,0.0298,0
436,/mnt/c/Users/brkit/Desktop/TCC/midi-mate/Backend/./uploads/midi/single - 860.mid,7.0,28.0,0.0,0.0,0.5,2.5,0.3333,3.0,0.0,2
437,/mnt/c/Users/brkit/Desktop/TCC/midi-mate/Backend/./uploads/midi/single - 861.mid,10.0,65.0,0.0,0.0,0.5714,2.286,2.667,0.375,0.03005,2
438,/mnt/c/Users/brkit/Desktop/TCC/midi-mate/Backend/./uploads/midi/single - 862.mid,11.0,80.0,0.0,0.1579,0.4737,4.375,2.612,0.1938,0.025939999999999998,0
439,/mnt/c/Users/brkit/Desktop/TCC/midi-mate/Backend/./uploads/midi/single - 868.mid,7.0,82.0,0.0,0.06452000000000001,0.4545,3.407,2.15,0.1172,0.03676,0
440,/mnt/c/Users/brkit/Desktop/TCC/midi-mate/Backend/./uploads/midi/single - 869.mid,7.0,65.0,0.0,0.0,0.3333,1.0,4.2669999999999995,0.2344,0.03481,2
441,/mnt/c/Users/brkit/Desktop/TCC/midi-mate/Backend/./uploads/midi/single - 87.mid,12.0,61.0,0.0,0.03704,0.5263,4.104,3.6919999999999997,0.11699999999999999,0.02424,0
442,/mnt/c/Users/brkit/Desktop/TCC/midi-mate/Backend/./uploads/midi/single - 872.mid,8.0,42.0,0.0,0.1111,0.5333,3.478,3.793,0.1674,0.02401,0
443,/mnt/c/Users/brkit/Desktop/TCC/midi-mate/Backend/./uploads/midi/single - 873.mid,8.0,66.0,0.0,0.1111,0.5333,3.478,3.733,0.2344,0.02401,0
444,/mnt/c/Users/brkit/Desktop/TCC/midi-mate/Backend/./uploads/midi/single - 875.mid,7.0,46.0,0.0,0.1961,0.5833,2.889,3.467,0.2885,0.027960000000000002,2
445,/mnt/c/Users/brkit/Desktop/TCC/midi-mate/Backend/./uploads/midi/single - 878.mid,9.0,53.0,0.0,0.0,0.5333,2.697,2.667,0.3305,0.02409,2
446,/mnt/c/Users/brkit/Desktop/TCC/midi-mate/Backend/./uploads/midi/single - 88.mid,5.0,66.0,0.0,0.1667,0.5,2.562,2.485,0.1168,0.02484,2
447,/mnt/c/Users/brkit/Desktop/TCC/midi-mate/Backend/./uploads/midi/single - 883.mid,9.0,70.0,0.0,0.1905,0.5385,1.9380000000000002,2.98,0.2456,0.02535,2
448,/mnt/c/Users/brkit/Desktop/TCC/midi-mate/Backend/./uploads/midi/single - 886.mid,16.0,62.0,0.0,0.0,0.5128,2.081,4.533,0.1607,0.0262,2
449,/mnt/c/Users/brkit/Desktop/TCC/midi-mate/Backend/./uploads/midi/single - 89.mid,17.0,63.0,0.0,0.017240000000000002,0.4839,4.708,3.968,0.09468,0.02329,0
450,/mnt/c/Users/brkit/Desktop/TCC/midi-mate/Backend/./uploads/midi/single - 892.mid,4.0,57.0,0.0,0.5952,0.6061,3.05,6.728,0.121,0.02323,2
451,/mnt/c/Users/brkit/Desktop/TCC/midi-mate/Backend/./uploads/midi/single - 893.mid,3.0,69.0,0.0,0.5714,0.5,2.167,3.735,0.1008,0.02557,2
452,/mnt/c/Users/brkit/Desktop/TCC/midi-mate/Backend/./uploads/midi/single - 896.mid,10.0,67.0,0.0,0.032260000000000004,0.4516,3.083,4.404,0.1172,0.024669999999999997,2
453,/mnt/c/Users/brkit/Desktop/TCC/midi-mate/Backend/./uploads/midi/single - 899.mid,6.0,80.0,0.0,0.1356,0.5,3.6069999999999998,4.0,0.2344,0.03481,0
454,/mnt/c/Users/brkit/Desktop/TCC/midi-mate/Backend/./uploads/midi/single - 90.mid,13.0,61.0,0.0,0.04255,0.4706,2.698,3.201,0.1709,0.02783,2
455,/mnt/c/Users/brkit/Desktop/TCC/midi-mate/Backend/./uploads/midi/single - 904.mid,9.0,80.0,0.0,0.04255,0.5,3.05,3.2,0.2441,0.02414,2
456,/mnt/c/Users/brkit/Desktop/TCC/midi-mate/Backend/./uploads/midi/single - 91.mid,10.0,68.0,0.0,0.0,0.4286,2.451,3.898,0.1056,0.02483,2
457,/mnt/c/Users/brkit/Desktop/TCC/midi-mate/Backend/./uploads/midi/single - 911.mid,12.0,84.0,0.0,0.1333,0.4667,5.0,1.067,0.9375,0.04648,1
458,/mnt/c/Users/brkit/Desktop/TCC/midi-mate/Backend/./uploads/midi/single - 913.mid,24.0,76.0,0.0,0.05127999999999999,0.5714,3.2760000000000002,2.667,0.3164,0.0302,2
459,/mnt/c/Users/brkit/Desktop/TCC/midi-mate/Backend/./uploads/midi/single - 914.mid,7.0,63.0,0.0,0.0,0.3333,0.0,0.2667,3.75,0.0,2
460,/mnt/c/Users/brkit/Desktop/TCC/midi-mate/Backend/./uploads/midi/single - 917.mid,12.0,67.0,0.0,0.015380000000000001,0.3469,3.017,4.4,0.1172,0.024480000000000002,2
461,/mnt/c/Users/brkit/Desktop/TCC/midi-mate/Backend/./uploads/midi/single - 918.mid,5.0,52.0,0.0,0.0,1.0,1.0,0.2667,3.75,0.0,2
462,/mnt/c/Users/brkit/Desktop/TCC/midi-mate/Backend/./uploads/midi/single - 919.mid,17.0,89.0,0.0,0.04255,0.3871,3.718,3.2,0.2344,0.03044,0
463,/mnt/c/Users/brkit/Desktop/TCC/midi-mate/Backend/./uploads/midi/single - 92.mid,12.0,65.0,0.0,0.1778,0.3077,3.122,3.091,0.1123,0.0235,2
464,/mnt/c/Users/brkit/Desktop/TCC/midi-mate/Backend/./uploads/midi/single - 920.mid,12.0,65.0,0.0,0.0,0.3404,4.5,3.2,0.2344,0.02509,0
465,/mnt/c/Users/brkit/Desktop/TCC/midi-mate/Backend/./uploads/midi/single - 927.mid,24.0,62.0,0.0,0.058820000000000004,0.5385,3.054,3.522,0.2344,0.02424,2
466,/mnt/c/Users/brkit/Desktop/TCC/midi-mate/Backend/./uploads/midi/single - 93.mid,5.0,59.0,0.0,0.1176,0.375,3.042,3.4730000000000003,0.08977,0.02885,2
467,/mnt/c/Users/brkit/Desktop/TCC/midi-mate/Backend/./uploads/midi/single - 930.mid,26.0,63.0,0.0,0.0,0.5063,2.75,5.332999999999999,0.1723,0.023969999999999998,2
468,/mnt/c/Users/brkit/Desktop/TCC/midi-mate/Backend/./uploads/midi/single - 931.mid,10.0,66.0,0.0,0.024390000000000002,0.5556,3.583,2.8,0.3213,0.025789999999999997,0
469,/mnt/c/Users/brkit/Desktop/TCC/midi-mate/Backend/./uploads/midi/single - 933.mid,42.0,53.0,0.0,0.0,0.5079,4.188,8.005,0.1198,0.02424,0
470,/mnt/c/Users/brkit/Desktop/TCC/midi-mate/Backend/./uploads/midi/single - 94.mid,7.0,56.0,0.0,0.0,0.4737,2.062,3.6189999999999998,0.1034,0.01824,2
471,/mnt/c/Users/brkit/Desktop/TCC/midi-mate/Backend/./uploads/midi/single - 95.mid,5.0,61.0,0.0,0.0,0.5,2.244,3.095,0.1159,0.0238,2
472,/mnt/c/Users/brkit/Desktop/TCC/midi-mate/Backend/./uploads/midi/single - 96.mid,5.0,56.0,0.0,0.017240000000000002,0.5556,2.13,3.9589999999999996,0.1178,0.02472,2
473,/mnt/c/Users/brkit/Desktop/TCC/midi-mate/Backend/./uploads/midi/single - 97.mid,8.0,70.0,0.0,0.08163,0.5405,4.7669999999999995,3.344,0.1516,0.023540000000000002,0
474,/mnt/c/Users/brkit/Desktop/TCC/midi-mate/Backend/./uploads/midi/single - 978.mid,22.0,61.0,0.0,0.032260000000000004,0.7419,4.913,4.125,0.4874,0.034839999999999996,0
475,/mnt/c/Users/brkit/Desktop/TCC/midi-mate/Backend/./uploads/midi/single - 98.mid,5.0,66.0,0.0,0.02273,0.5714,1.125,3.0380000000000003,0.06412999999999999,0.02588,2
476,/mnt/c/Users/brkit/Desktop/TCC/midi-mate/Backend/./uploads/midi/single - 989.mid,24.0,40.0,0.0,0.44,0.625,3.556,3.39,0.3228,0.02986,0
477,/mnt/c/Users/brkit/Desktop/TCC/midi-mate/Backend/./uploads/midi/single - 996.mid,33.0,46.0,0.0,0.0,0.3937,3.009,8.0,0.1206,0.02422,2
478,/mnt/c/Users/brkit/Desktop/TCC/midi-mate/Backend/./uploads/midi/single - 998.mid,50.0,50.0,0.0,0.007873999999999999,0.4961,4.433,8.003,0.1198,0.02422,0
